MARKET,NUMER SKLEPU,IP
Kowary 1,10434,10.84.34.100
Bełchatów 2,10803,10.88.3.100
Radziejów 1,10907,10.89.7.100
Plewiska 1,12465,10.54.65.100
Krobia 1,10003,10.80.3.100
Ostrów 7,10004,10.80.4.100
Odolanów 1,10005,10.80.5.100
Krzemieniewo,10006,10.80.6.100
Wrocław 1,10007,10.80.7.100
Sulmierzyce 1,10012,10.80.12.100
Żmigród 1,10013,10.80.13.100
Oleśnica,10014,10.80.14.100
Środa Śląska 1,10015,10.80.15.100
Śrem 1,10016,10.80.16.100
Pleszew 1,10017,10.80.17.100
Wrocław 2,10018,10.80.18.100
Gostyń 1,10019,10.80.19.100
Jaworzyna Śląska,10020,10.80.20.100
Ostroróg,10021,10.80.21.100
Grabów,10022,10.80.22.100
Kłodawa (Wlkp) 1,10023,10.80.23.100
Wrocław 3,10024,10.80.24.100
Połajewo,10025,10.80.25.100
Miejska Górka,10026,10.80.26.100
Piątek,10027,10.80.27.100
Brzeg 1,10028,10.80.28.100
Zbąszyń 1,10029,10.80.29.100
Leszno 7,10030,10.80.30.100
Kłecko 1,10031,10.80.31.100
Gołuchów,10032,10.80.32.100
Szadek,10033,10.80.33.100
Oborniki Śląskie 1,10034,10.80.34.100
Rozdrażew 1,10035,10.80.35.100
Zawonia 1,10036,10.80.36.100
Leszno 2,10037,10.80.37.100
Ostrów 4,10038,10.80.38.100
Dopiewo 1,10039,10.80.39.100
Rydzyna 2,10040,10.80.40.100
Środa Wlkp. 1,10041,10.80.41.100
Krzywiń,10042,10.80.42.100
Kościan 1,10043,10.80.43.100
Szczerców,10044,10.80.44.100
Trzebnica 1,10045,10.80.45.100
Śmigiel 1,10047,10.80.47.100
Piaski,10048,10.80.48.100
Krotoszyn 1,10049,10.80.49.100
Gryfów Śląski,10050,10.80.50.100
Ostrów 5,10051,10.80.51.100
Żórawina,10052,10.80.52.100
Krotoszyn 2,10053,10.80.53.100
Rakoniewice,10055,10.80.55.100
Raszków,10056,10.80.56.100
Gołańcz,10057,10.80.57.100
Wąsosz,10058,10.80.58.100
Witkowo,10059,10.80.59.100
Żarów,10060,10.80.60.100
Pyzdry 1,10061,10.80.61.100
Kolonowskie,10062,10.80.62.100
Lwówek (Wlkp.) 1,10064,10.80.64.100
Książ Wlkp. 1,10065,10.80.65.100
Jarocin 3,10067,10.80.67.100
Dobrzyca,10068,10.80.68.100
Wrocław 5,10069,10.80.69.100
Pogorzela 2,10071,10.80.71.100
Konin 2,10072,10.80.72.100
Szprotawa 1,10073,10.80.73.100
Kobylin 1,10074,10.80.74.100
Krotoszyn 4,10075,10.80.75.100
Św. Katarzyna,10076,10.80.76.100
Leszno 5,10078,10.80.78.100
Rawicz-Masłowo 1,10079,10.80.79.100
Wołów 1,10080,10.80.80.100
Bojanowo,10081,10.80.81.100
Rychwał,10082,10.80.82.100
Siechnice,10083,10.80.83.100
Poniec 2,10084,10.80.84.100
Wschowa 1,10085,10.80.85.100
Kępno,10088,10.80.88.100
Wrocław 7,10089,10.80.89.100
Boguszów Gorce 1,10092,10.80.92.100
Zduny 1,10094,10.80.94.100
Pępowo 1,10095,10.80.95.100
Milicz 1,10096,10.80.96.100
Tarnowo 1,10097,10.80.97.100
Koźmin 1,10098,10.80.98.100
Osięciny,10099,10.80.99.100
Jutrosin 1,10101,10.81.1.100
Obrzycko,10102,10.81.2.100
Leszno 8,10103,10.81.3.100
Izbica Kujawska 1,10104,10.81.4.100
Mirsk,10105,10.81.5.100
Jedlina Zdrój 1,10106,10.81.6.100
września 1,10107,10.81.7.100
Czarny Bór,10108,10.81.8.100
Trzciel,10109,10.81.9.100
Nowogród,10110,10.81.10.100
Włoszakowice 1,10111,10.81.11.100
Osieczna,10112,10.81.12.100
Duszniki,10113,10.81.13.100
Przemęt,10114,10.81.14.100
Szamocin,10115,10.81.15.100
Gostyń 2,10116,10.81.16.100
Smolec,10117,10.81.17.100
Iłowa 1,10118,10.81.18.100
Gorzów Śląski,10120,10.81.20.100
Głuszyca,10121,10.81.21.100
Barcin,10122,10.81.22.100
Złoczew,10123,10.81.23.100
Krośnice,10124,10.81.24.100
Wielichowo,10125,10.81.25.100
Dolsk,10126,10.81.26.100
Janowice Wielkie 1,10127,10.81.27.100
Kamieńsk,10128,10.81.28.100
Przemków,10129,10.81.29.100
Ścinawa 1,10130,10.81.30.100
Jarocin 4,10131,10.81.31.100
Książ Wlkp. 2,10132,10.81.32.100
Kargowa,10133,10.81.33.100
Rokietnica 1,10134,10.81.34.100
Wilkowice,10135,10.81.35.100
Szczytna,10136,10.81.36.100
Gizałki 2,10137,10.81.37.100
Krotoszyn 5,10138,10.81.38.100
Nowe Miasto Nad Wartą,10139,10.81.39.100
Tarnów Opolski,10140,10.81.40.100
Orchowo,10141,10.81.41.100
Lądek Zdrój 1,10142,10.81.42.100
Kaczory 1,10143,10.81.43.100
Wierzchlas,10144,10.81.44.100
Lututów,10145,10.81.45.100
Wieruszów,10146,10.81.46.100
Złoty Stok,10147,10.81.47.100
Sobótka,10148,10.81.48.100
Kotla,10149,10.81.49.100
Prusice,10150,10.81.50.100
Skarbimierz,10151,10.81.51.100
Zawidów,10152,10.81.52.100
Sulęcinek,10153,10.81.53.100
Kamionki,10154,10.81.54.100
Wola Krzysztoporska,10155,10.81.55.100
Miękinia,10156,10.81.56.100
Zduńska Wola 1,10157,10.81.57.100
Kochanowice,10158,10.81.58.100
Gorzkowice,10159,10.81.59.100
Mikstat 1,10160,10.81.60.100
Biała Parcela,10161,10.81.61.100
Granowo 1,10162,10.81.62.100
Jelenia Góra 1,10163,10.81.63.100
Kamieniec Wrocławski,10164,10.81.64.100
Krotoszyn 6,10165,10.81.65.100
Kudowa Zdrój,10166,10.81.66.100
Knurów,10167,10.81.67.100
Legnica 2,10168,10.81.68.100
Ostrów Łask,10169,10.81.69.100
Miłosław,10170,10.81.70.100
Ostrów 9,10171,10.81.71.100
Przygodzice,10172,10.81.72.100
Pabianice 1,10173,10.81.73.100
Pakosław,10174,10.81.74.100
Przytoczna,10175,10.81.75.100
Pątnów,10176,10.81.76.100
Piotrków Kujawski 1,10177,10.81.77.100
Rogowo,10178,10.81.78.100
Sarnowa,10179,10.81.79.100
Stare Kurowo,10180,10.81.80.100
Gąsawa,10181,10.81.81.100
Gniezno 1,10182,10.81.82.100
Góra 1,10183,10.81.83.100
Nowa Wieś Wielka,10184,10.81.84.100
Orzechowo,10185,10.81.85.100
Szydłowo,10186,10.81.86.100
Babiak,10187,10.81.87.100
Malczyce,10188,10.81.88.100
Rzeczyca,10189,10.81.89.100
Żerków 1,10190,10.81.90.100
Człopa,10191,10.81.91.100
Golina 3,10192,10.81.92.100
Jawor 1,10193,10.81.93.100
Kalisz Godebskiego 1,10194,10.81.94.100
Komprachcice,10195,10.81.95.100
Krotoszyn 7,10196,10.81.96.100
Nowa Ruda 1,10197,10.81.97.100
Przedecz,10199,10.81.99.100
Torzym,10201,10.82.1.100
Borek Wlkp. 1,10202,10.82.2.100
Biała (opolskie),10203,10.82.3.100
Chrząstowice 1,10204,10.82.4.100
Modrzyca,10205,10.82.5.100
Żory 1,10206,10.82.6.100
Deszczno,10207,10.82.7.100
Kutno 1,10208,10.82.8.100
Wilczogóra,10209,10.82.9.100
Bierzwnik,10210,10.82.10.100
Domaniewice,10211,10.82.11.100
Olesno,10212,10.82.12.100
Ornontowice,10213,10.82.13.100
Dąbie,10214,10.82.14.100
Ostrów 10,10215,10.82.15.100
Lubniewice,10216,10.82.16.100
Wińsko,10217,10.82.17.100
Margonin,10218,10.82.18.100
Białośliwie,10219,10.82.19.100
Kożuchów 1,10220,10.82.20.100
Inowrocław 1,10221,10.82.21.100
Łask 1,10222,10.82.22.100
Topola Mała,10223,10.82.23.100
Kiszkowo,10224,10.82.24.100
Boronów,10225,10.82.25.100
Moszczenica,10226,10.82.26.100
Budzyń 1,10227,10.82.27.100
Łubowo,10228,10.82.28.100
Rudziniec,10229,10.82.29.100
Chocianów 1,10230,10.82.30.100
Kamienna Góra 1,10231,10.82.31.100
Niemcza 1,10232,10.82.32.100
Stronie Śląskie,10233,10.82.33.100
Szlichtyngowa 1,10234,10.82.34.100
Turek 1,10235,10.82.35.100
Wyry 1,10236,10.82.36.100
Stawiszyn,10237,10.82.37.100
Krotoszyn 8,10238,10.82.38.100
Tułowice,10239,10.82.39.100
Nowe Miasteczko 1,10240,10.82.40.100
Dobrcz,10241,10.82.41.100
Radomsko 1,10242,10.82.42.100
Warta 1,10243,10.82.43.100
Galewice,10244,10.82.44.100
Bedlno,10245,10.82.45.100
Jerka,10246,10.82.46.100
Namysłów 1,10247,10.82.47.100
Kobyla Góra,10248,10.82.48.100
Cielcza,10249,10.82.49.100
Chełmsko Śląskie 1,10250,10.82.50.100
Radków,10251,10.82.51.100
Kobiele Wielkie 1,10252,10.82.52.100
Pełczyce 1,10253,10.82.53.100
Ręczno 1,10254,10.82.54.100
Włocławek 1,10255,10.82.55.100
Rudna,10256,10.82.56.100
Nowogrodziec 1,10257,10.82.57.100
Łódź 2,10258,10.82.58.100
Choceń 1,10259,10.82.59.100
Wojciechówka 1,10260,10.82.60.100
Wysoka 1,10261,10.82.61.100
Czarnków 1,10262,10.82.62.100
Łazy 1,10263,10.82.63.100
Miedziana Góra 1,10264,10.82.64.100
Mosina 1,10265,10.82.65.100
Walce 1,10266,10.82.66.100
Świebodzin 1,10267,10.82.67.100
Pniewy 1,10268,10.82.68.100
Dobroszyce Lipowa,10270,10.82.70.100
Bierutów 1,10271,10.82.71.100
Pudliszki 1,10272,10.82.72.100
Dopiewo 2,10273,10.82.73.100
Czarnocin 1,10274,10.82.74.100
Nieborów 1,10275,10.82.75.100
Twardogóra 1,10276,10.82.76.100
Witaszyce 1,10277,10.82.77.100
Sława 1,10278,10.82.78.100
Chybie 1,10279,10.82.79.100
Cisek 1,10280,10.82.80.100
Czerniejewo 1,10281,10.82.81.100
Głogów 1,10282,10.82.82.100
Gorzyce 1,10283,10.82.83.100
Jasień 1,10284,10.82.84.100
Kalisz 2,10285,10.82.85.100
Kamień Krajeński 1,10286,10.82.86.100
Kaźmierz 1,10287,10.82.87.100
Kietrz 1,10288,10.82.88.100
Krotoszyn 9,10289,10.82.89.100
Legnica 3,10290,10.82.90.100
Legnica 4,10291,10.82.91.100
Lipka 1,10292,10.82.92.100
Łagiewniki 1,10293,10.82.93.100
Łódź 3,10294,10.82.94.100
Mechnice 1,10295,10.82.95.100
Mieścisko 1,10296,10.82.96.100
Nekla 1,10297,10.82.97.100
Ożarowice 1,10298,10.82.98.100
Panki 1,10299,10.82.99.100
Pieńsk 1,10300,10.83.0.100
Racula 1,10301,10.83.1.100
Reńska Wieś 1,10302,10.83.2.100
Rychtal 1,10303,10.83.3.100
Siekierczyn 1,10304,10.83.4.100
Sieradz 1,10305,10.83.5.100
Sompolno 2,10306,10.83.6.100
Suchań 1,10307,10.83.7.100
Suszec 1,10308,10.83.8.100
Tomaszów Mazowiecki 1,10309,10.83.9.100
Tryszczyn 1,10310,10.83.10.100
Wągrowiec 1,10311,10.83.11.100
Wrocław 9,10312,10.83.12.100
Zgierz 1,10313,10.83.13.100
Żary 1,10314,10.83.14.100
Żory 2,10315,10.83.15.100
Żyrardów 1,10316,10.83.16.100
Baczyna 1,10317,10.83.17.100
Bądkowo 1,10318,10.83.18.100
Bliżyn 1,10320,10.83.20.100
Bogatynia 1,10321,10.83.21.100
Chocz 1,10323,10.83.23.100
Dłutów 1,10324,10.83.24.100
Dobra 1,10325,10.83.25.100
Pławno 1,10327,10.83.27.100
Gierałtowice 1,10328,10.83.28.100
Gromadka 1,10329,10.83.29.100
Jankowice 1,10332,10.83.32.100
Kalety 1,10333,10.83.33.100
Kiekrz 1,10335,10.83.35.100
Krzeszyce 1,10337,10.83.37.100
Leśniów Wielki 1,10340,10.83.40.100
Lubawka 1,10341,10.83.41.100
Lubiąż 1,10342,10.83.42.100
Lubomierz 1,10343,10.83.43.100
Łękawica 1,10344,10.83.44.100
Łomnica 1,10345,10.83.45.100
Mieroszów 1,10346,10.83.46.100
Mokrsko 1,10348,10.83.48.100
Mszana 1,10349,10.83.49.100
Nowa Brzeźnica 1,10350,10.83.50.100
Obra 1,10351,10.83.51.100
Olszyna 1,10352,10.83.52.100
Opatówek 1,10353,10.83.53.100
Orzesze 1,10354,10.83.54.100
Osie 1,10355,10.83.55.100
Ostrów 11,10357,10.83.57.100
Pakość 1,10359,10.83.59.100
Przystajń 1,10361,10.83.61.100
Radomsko 2,10362,10.83.62.100
Rostarzewo 1,10363,10.83.63.100
Rząśnia 1,10365,10.83.65.100
Rzuchów 1,10366,10.83.66.100
Sieradz 2,10368,10.83.68.100
Słońsk 1,10370,10.83.70.100
Sokolniki 2,10371,10.83.71.100
Szprotawa 2,10374,10.83.74.100
Świerklaniec 1,10375,10.83.75.100
Tomaszów Mazowiecki 2,10376,10.83.76.100
Tomaszów Mazowiecki 3,10377,10.83.77.100
Trablice 1,10378,10.83.78.100
Tuchola 1,10379,10.83.79.100
Ujazd 1,10380,10.83.80.100
Wieleń 1,10382,10.83.82.100
Wierzbica 1,10383,10.83.83.100
Wleń 1,10386,10.83.86.100
Włocławek 3,10388,10.83.88.100
Wrocław 4,10390,10.83.90.100
Zagórów 1,10392,10.83.92.100
Zakrzewo 1,10393,10.83.93.100
Zebrzydowice 1,10394,10.83.94.100
Biedrusko 2,10395,10.83.95.100
Bolków 1,10397,10.83.97.100
Bolesławiec 1,10398,10.83.98.100
Jastrowie 1,10399,10.83.99.100
Kalisz 3,10401,10.84.1.100
Lipno (KujPom) 1,10403,10.84.3.100
Nowa Ruda 2,10404,10.84.4.100
Opole 1,10405,10.84.5.100
Trzebnica 2,10406,10.84.6.100
Wołów 2,10407,10.84.7.100
Wrocław 12,10408,10.84.8.100
Wrocław 13,10409,10.84.9.100
Wrocław 14,10410,10.84.10.100
Żyrardów 2,10411,10.84.11.100
Bojszowy 1,10412,10.84.12.100
Dziadowa Kłoda 1,10413,10.84.13.100
Laskowice 1,10414,10.84.14.100
Lutomiersk 1,10415,10.84.15.100
Ośno Lubuskie 1,10416,10.84.16.100
Sadki 1,10417,10.84.17.100
Tuczno (zach-pom) 1,10418,10.84.18.100
Walim 1,10419,10.84.19.100
Złotów 1,10420,10.84.20.100
Damasławek 1,10421,10.84.21.100
Grudziądz 1,10422,10.84.22.100
Zduńska Wola 2,10423,10.84.23.100
Barlinek 1,10424,10.84.24.100
Kąkolewo 1,10425,10.84.25.100
Woźniki 1,10426,10.84.26.100
Choszczno 1,10427,10.84.27.100
Ostrów 12,10429,10.84.29.100
Wałbrzych 1,10430,10.84.30.100
Kluczbork 1,10432,10.84.32.100
Kikół 1,10433,10.84.33.100
Międzyrzecz 1,10435,10.84.35.100
Mysłakowice 1,10436,10.84.36.100
Baranowo 1,10438,10.84.38.100
Chałupki 1,10440,10.84.40.100
Chełm Śląski 1,10441,10.84.41.100
Chludowo 1,10442,10.84.42.100
Duszniki Zdrój 1,10443,10.84.43.100
Gostyń 3,10444,10.84.44.100
Krzeszów 1,10445,10.84.45.100
Lubochnia 1,10447,10.84.47.100
Łubnice 1,10448,10.84.48.100
Nowa Sól 1,10449,10.84.49.100
Opole 3,10450,10.84.50.100
Piława Górna 1,10451,10.84.51.100
Poznań 1,10452,10.84.52.100
Stary Kisielin 1,10453,10.84.53.100
Ślesin (kuj-pom) 1,10455,10.84.55.100
Wawrów 1,10456,10.84.56.100
Zawada 1,10457,10.84.57.100
Zbąszynek 1,10458,10.84.58.100
Cieszków 1,10459,10.84.59.100
Lipno (Wlkp) 2,10460,10.84.60.100
Jelenia Góra 3,10461,10.84.61.100
Łódź 4,10462,10.84.62.100
Ostrzeszów 1,10463,10.84.63.100
Łódź 5,10464,10.84.64.100
Grodzisk Wlkp. 1,10465,10.84.65.100
Jelenia Góra 4,10466,10.84.66.100
Kalisz 4,10467,10.84.67.100
Kłodzko 1,10469,10.84.69.100
Wolsztyn 1,10470,10.84.70.100
Stara Kamienica 1,10471,10.84.71.100
Żmigród 2,10472,10.84.72.100
Bartniczka 1,10473,10.84.73.100
Bełchatów 1,10474,10.84.74.100
Bielawy 1,10475,10.84.75.100
Bnin 1,10476,10.84.76.100
Dobre 1,10477,10.84.77.100
Bukowiec 1,10479,10.84.79.100
Chęciny 1,10480,10.84.80.100
Dąbrowa Górnicza 1,10482,10.84.82.100
Gadka 1,10483,10.84.83.100
Gowarczów 1,10484,10.84.84.100
Justynów 1,10487,10.84.87.100
Koło 2,10488,10.84.88.100
Kowalewo Pomorskie 1,10489,10.84.89.100
Kraszew 1,10490,10.84.90.100
Kup 1,10491,10.84.91.100
Lubsko 1,10492,10.84.92.100
Lubsko 2,10493,10.84.93.100
Lusówko 1,10494,10.84.94.100
Małomice 1,10497,10.84.97.100
Mieszkowice 1,10499,10.84.99.100
Międzychód 1,10501,10.85.1.100
Młoszowa 1,10502,10.85.2.100
Moryń 1,10503,10.85.3.100
Nysa 1,10504,10.85.4.100
Ostrowy 1,10507,10.85.7.100
Żytno 1,10508,10.85.8.100
Pawłowice 2,10509,10.85.9.100
Pawłowiczki 1,10510,10.85.10.100
Piła 1,10511,10.85.11.100
Pleszew 2,10513,10.85.13.100
Pleszew 3,10514,10.85.14.100
Pogwizdów 1,10515,10.85.15.100
Pruchna 1,10516,10.85.16.100
Psary 1,10518,10.85.18.100
Pszczew 1,10519,10.85.19.100
Racibórz 1,10520,10.85.20.100
Radwanice 1,10521,10.85.21.100
Radziechowy 1,10522,10.85.22.100
Ruda Śląska 1,10523,10.85.23.100
Ryczywół 1,10524,10.85.24.100
Rynarzewo 1,10525,10.85.25.100
Sędziszów 1,10526,10.85.26.100
Skoroszyce 1,10527,10.85.27.100
Sławków 1,10528,10.85.28.100
Świebodzin 2,10529,10.85.29.100
Tłuchówek 1,10530,10.85.30.100
Tupadły 1,10532,10.85.32.100
Waganiec 1,10533,10.85.33.100
Warlubie 1,10534,10.85.34.100
Wielka Wieś 1,10535,10.85.35.100
Włoszczowa 1,10536,10.85.36.100
Wojcieszów 1,10537,10.85.37.100
Wręczyca Wielka 1,10539,10.85.39.100
Wyrzysk 1,10540,10.85.40.100
Zielona Góra 1,10542,10.85.42.100
Złotniki Kujawskie 1,10543,10.85.43.100
Żarki 1,10544,10.85.44.100
Żary 2,10545,10.85.45.100
Grodzisk Wlkp. 2,10546,10.85.46.100
Jelenia Góra 5,10547,10.85.47.100
Lubsza 1,10548,10.85.48.100
Niechanowo 1,10549,10.85.49.100
Orońsko 1,10550,10.85.50.100
Słubice 1,10551,10.85.51.100
Włocławek 4,10552,10.85.52.100
Daszyna 1,10554,10.85.54.100
Dmosin Drugi 1,10555,10.85.55.100
Drawno 1,10556,10.85.56.100
Godów 1,10557,10.85.57.100
Klonowa 1,10558,10.85.58.100
Łosiów 1,10560,10.85.60.100
Miłkowice 1,10562,10.85.62.100
Pacanów 1,10563,10.85.63.100
Piekary Śląskie 1,10564,10.85.64.100
Radoszyce 1,10565,10.85.65.100
Ruda Śląska 2,10566,10.85.66.100
Obrowo 1,10568,10.85.68.100
Pielgrzymka 1,10569,10.85.69.100
Wykroty 1,10572,10.85.72.100
Ziębice 1,10573,10.85.73.100
Chróstnik 1,10575,10.85.75.100
Dąbrowa Biskupia 1,10576,10.85.76.100
Domaszowice 1,10577,10.85.77.100
Goświnowice 1,10578,10.85.78.100
Iwiny 1,10579,10.85.79.100
Krzanowice 1,10580,10.85.80.100
Lutynia 1,10581,10.85.81.100
Mochy 1,10582,10.85.82.100
Potworów 1,10583,10.85.83.100
Siedlisko 1,10584,10.85.84.100
Konopiska 1,10585,10.85.85.100
Wiślica 1,10587,10.85.87.100
Gruta 1,10589,10.85.89.100
Marklowice 1,10591,10.85.91.100
Radomsko 3,10592,10.85.92.100
Ruszowice 1,10593,10.85.93.100
Wola 1,10594,10.85.94.100
Leśna 1,10595,10.85.95.100
Czarnożyły 1,10597,10.85.97.100
Gardeja 1,10598,10.85.98.100
Kiernozia 1,10600,10.86.0.100
Kostrzyn nad Odrą 1,10601,10.86.1.100
Milicz 2,10603,10.86.3.100
Mrowino 1,10604,10.86.4.100
Jastrzębie Zdrój 2,10605,10.86.5.100
Rudniki 1,10606,10.86.6.100
Świdnica 1,10608,10.86.8.100
Debrzno 1,10610,10.86.10.100
Kobierno 1,10612,10.86.12.100
Krajenka 1,10613,10.86.13.100
Łęknica 1,10615,10.86.15.100
Miasteczko Śląskie 1,10616,10.86.16.100
Ostrów 14,10618,10.86.18.100
Strzelce Małe 1,10619,10.86.19.100
Uskorz Mały 1,10620,10.86.20.100
Żarnów 1,10621,10.86.21.100
Opole 2,10622,10.86.22.100
Koluszki 1,10623,10.86.23.100
Lubliniec 1,10624,10.86.24.100
Wrocław 11,10625,10.86.25.100
Czastary 1,10626,10.86.26.100
Hażlach 1,10627,10.86.27.100
Kłodawa 2,10628,10.86.28.100
Kocierzew 1,10629,10.86.29.100
Marcinowice 1,10630,10.86.30.100
Nowy Tomyśl 1,10631,10.86.31.100
Poznań 2,10632,10.86.32.100
Smolice 1,10633,10.86.33.100
Sulików 1,10634,10.86.34.100
Środa Śląska 2,10635,10.86.35.100
Zagrodno 1,10636,10.86.36.100
Janowiec Wielkopolski 1,10637,10.86.37.100
Wierzchosławice (Mał) 1,10638,10.86.38.100
Czarnowąsy 1,10639,10.86.39.100
Człuchów 1,10641,10.86.41.100
Gaworzyce 1,10642,10.86.42.100
Kluczbork 2,10643,10.86.43.100
Kobierzyce 1,10644,10.86.44.100
Odolanów 2,10645,10.86.45.100
Piechcin 1,10646,10.86.46.100
Przylep 1,10647,10.86.47.100
Skoki 1,10648,10.86.48.100
Huta Stara 1,10649,10.86.49.100
Tychy 1,10651,10.86.51.100
Ustronie Morskie 1,10652,10.86.52.100
Wilkowyja 1,10653,10.86.53.100
Kościan 2,10655,10.86.55.100
Sułów 2,10656,10.86.56.100
Bełk 1,10657,10.86.57.100
Brzeziny 1,10658,10.86.58.100
Doruchów 1,10659,10.86.59.100
Mieszków 1,10662,10.86.62.100
Występ 1,10664,10.86.64.100
Zgorzelec 1,10665,10.86.65.100
Jenin 1,10666,10.86.66.100
Kędzierzyn-Koźle 1,10667,10.86.67.100
Kwilcz 1,10668,10.86.68.100
Popielów 1,10670,10.86.70.100
Rusiec 1,10671,10.86.71.100
Sicienko 1,10672,10.86.72.100
Wschowa 2,10676,10.86.76.100
Lipki Wielkie 1,10677,10.86.77.100
Kutno 2,10678,10.86.78.100
Baborów 1,10679,10.86.79.100
Gowarzewo 1,10681,10.86.81.100
Królewiec 1,10683,10.86.83.100
Lgota Wielka 1,10684,10.86.84.100
Lipówki 1,10685,10.86.85.100
Łyszkowice 1,10686,10.86.86.100
Niechorze 1,10687,10.86.87.100
Przyprostynia 1,10688,10.86.88.100
Pszczyna 1,10689,10.86.89.100
Radzionków 1,10690,10.86.90.100
Robakowo 1,10691,10.86.91.100
Sieroszewice 1,10692,10.86.92.100
Sośnie 1,10693,10.86.93.100
września 2,10694,10.86.94.100
Aleksandrów Kujawski 1,10697,10.86.97.100
Brusy 1,10700,10.87.0.100
Dzierzgoń 1,10701,10.87.1.100
Fałków 1,10702,10.87.2.100
Grzybowo 1,10703,10.87.3.100
Jadów 1,10704,10.87.4.100
Murów 1,10705,10.87.5.100
Praszka 1,10706,10.87.6.100
Słupia 1,10707,10.87.7.100
Żnin 1,10709,10.87.9.100
Racibórz 2,10710,10.87.10.100
Wieliszew 1,10711,10.87.11.100
Góra 2,10712,10.87.12.100
Grodków 1,10713,10.87.13.100
Wrocław 15,10715,10.87.15.100
Bieniewice 1,10716,10.87.16.100
Chmielnik 1,10717,10.87.17.100
Czerwona Woda 1,10718,10.87.18.100
Dąbrowa Górnicza 2,10719,10.87.19.100
Dolna Grupa 1,10720,10.87.20.100
Koszęcin 1,10723,10.87.23.100
Lamki 1,10725,10.87.25.100
Łeba 1,10726,10.87.26.100
Mrocza 1,10727,10.87.27.100
Myślibórz 1,10728,10.87.28.100
Oblęgorek 1,10729,10.87.29.100
Rozlazłów 1,10730,10.87.30.100
Skarżysko-Kamienna 1,10731,10.87.31.100
Stare Bojanowo 1,10732,10.87.32.100
Mielno (zach) 1,10734,10.87.34.100
Banie 1,10735,10.87.35.100
Bysław 1,10736,10.87.36.100
Dobiegniew 1,10737,10.87.37.100
Jaworznia 1,10738,10.87.38.100
Kamieniec 1,10739,10.87.39.100
Kuślin 1,10741,10.87.41.100
Marciszów 1,10742,10.87.42.100
Mykanów 1,10743,10.87.43.100
Nadarzyn 1,10744,10.87.44.100
Otmuchów 1,10745,10.87.45.100
Pamiątkowo 1,10746,10.87.46.100
Trzebnice 1,10747,10.87.47.100
Brzeszcze 1,10749,10.87.49.100
Buczek 1,10750,10.87.50.100
Busko Zdrój 1,10751,10.87.51.100
Gardno 1,10752,10.87.52.100
Gryfice 1,10753,10.87.53.100
Kębłowo 1,10754,10.87.54.100
Kliniska Wielkie 1,10755,10.87.55.100
Natalin 1,10756,10.87.56.100
Płoty 1,10758,10.87.58.100
Raków 1,10759,10.87.59.100
Zduńska Wola 3,10761,10.87.61.100
Jastrowie 2,10762,10.87.62.100
Bełchów 1,10763,10.87.63.100
Bledzew 1,10764,10.87.64.100
Kozłów 1,10766,10.87.66.100
Pieszyce 1,10769,10.87.69.100
Radostów 1,10770,10.87.70.100
Sypniewo 1,10772,10.87.72.100
Szczaniec 1,10773,10.87.73.100
Zduny 2,10774,10.87.74.100
Zieleniewo 1,10775,10.87.75.100
Żarki 2,10776,10.87.76.100
Żychlin 1,10777,10.87.77.100
Rzepin 1,10778,10.87.78.100
Strzelce Opolskie 1,10779,10.87.79.100
Wolbórz 1,10780,10.87.80.100
Obora 1,10781,10.87.81.100
Rowy 1,10782,10.87.82.100
Drzycim 1,10785,10.87.85.100
Jerzmanowa 1,10787,10.87.87.100
Jordanów 1,10788,10.87.88.100
Kaniów 1,10789,10.87.89.100
Kraszewice 1,10790,10.87.90.100
Lipiany 1,10791,10.87.91.100
Lusowo 1,10792,10.87.92.100
Obryte 1,10793,10.87.93.100
Pełczyce 2,10794,10.87.94.100
Pokrzywnica 1,10795,10.87.95.100
Radlin 1,10796,10.87.96.100
Strzyżew 1,10798,10.87.98.100
Siedlec 1,10800,10.88.0.100
Koziegłowy 1,10801,10.88.1.100
Skokowa 1,10802,10.88.2.100
Czermin (Podk) 1,10805,10.88.5.100
Nieszawa 1,10806,10.88.6.100
Ostroszowice 1,10807,10.88.7.100
Otorowo (Wlkp) 1,10808,10.88.8.100
Pecna 1,10809,10.88.9.100
Pęczniew 1,10810,10.88.10.100
Poraj 1,10811,10.88.11.100
Kluki (Łódź) 1,10812,10.88.12.100
Siesławice 1,10813,10.88.13.100
Trzebiechów 1,10814,10.88.14.100
Tuplice 1,10815,10.88.15.100
Warta Bolesławiecka 1,10816,10.88.16.100
Gliwice 1,10818,10.88.18.100
Topola Królewska 1,10819,10.88.19.100
Tychy 2,10820,10.88.20.100
Bucz 1,10821,10.88.21.100
Budzów (dol)1,10822,10.88.22.100
Chobienia 1,10823,10.88.23.100
Dominowo 1,10824,10.88.24.100
Głogów 2,10825,10.88.25.100
Kolonia Wolanów 1,10826,10.88.26.100
Lądek Zdrój 2,10827,10.88.27.100
Orpiszew 1,10830,10.88.30.100
Szczecinek 1,10831,10.88.31.100
Świercze 1,10832,10.88.32.100
Ostrów 15,10834,10.88.34.100
Benice 1,10835,10.88.35.100
Bychlew 1,10836,10.88.36.100
Golub-Dobrzyń 1,10837,10.88.37.100
Gościno 1,10838,10.88.38.100
Kalisz 5,10839,10.88.39.100
Końskie 1,10840,10.88.40.100
Kostomłoty 1,10841,10.88.41.100
Krosnowice 1,10842,10.88.42.100
Krzęcin 1,10843,10.88.43.100
Miedźna (śl) 1,10844,10.88.44.100
Minkowice Oławskie 1,10845,10.88.45.100
Osiek (dol) 1,10846,10.88.46.100
Ostrów 16,10847,10.88.47.100
Rogoźnica 1,10849,10.88.49.100
Stolno 1,10850,10.88.50.100
Strumień 1,10851,10.88.51.100
Środa Wlkp. 2,10852,10.88.52.100
Tarnowskie Góry 1,10853,10.88.53.100
Bytom 1,10855,10.88.55.100
Gruczno 1,10857,10.88.57.100
Konotop 1,10859,10.88.59.100
Krośniewice 1,10860,10.88.60.100
Łabiszyn 1,10861,10.88.61.100
Łopuszno 1,10862,10.88.62.100
Postoliska 1,10863,10.88.63.100
Skąpe 1,10864,10.88.64.100
Szkaradowo 1,10865,10.88.65.100
Ciepłowody 1,10866,10.88.66.100
ztynek [T],10867,10.88.67.100
Chobienice 1,10868,10.88.68.100
Grzmiąca 1,10870,10.88.70.100
Kamieniec Ząbkowicki 1,10871,10.88.71.100
Mała Nieszawka 1,10872,10.88.72.100
Mirosławiec 1,10873,10.88.73.100
Opatów Wlkp. 1,10874,10.88.74.100
Toszek 1,10876,10.88.76.100
Tuczno (kuj-pom) 1,10877,10.88.77.100
Wielowieś 1,10879,10.88.79.100
Zalasewo 1,10881,10.88.81.100
Grębocice 1,10882,10.88.82.100
Częstochowa 3,10884,10.88.84.100
Goszcz 1,10885,10.88.85.100
Ińsko 1,10886,10.88.86.100
Koniecpol 1,10887,10.88.87.100
Krzyż Wielkopolski 1,10888,10.88.88.100
Książenice 1,10889,10.88.89.100
Ostrowiec Świętokrzyski 1,10890,10.88.90.100
Ujście 1,10893,10.88.93.100
Wieniec 1,10894,10.88.94.100
Złotoryja 1,10896,10.88.96.100
Jelenia Góra 7,10897,10.88.97.100
Łódź 6,10898,10.88.98.100
Jarocin 5,10899,10.88.99.100
Goleszów 1,10900,10.89.0.100
Jabłonowo Pomorskie 1,10901,10.89.1.100
Jarocin 6,10902,10.89.2.100
Drużbice Kolonia 1,10903,10.89.3.100
Leśnica 1,10905,10.89.5.100
Przysucha 1,10906,10.89.6.100
Sieraków (Wlkp) 1,10908,10.89.8.100
Skórka 1,10909,10.89.9.100
Sławno (Sławieński) 1,10910,10.89.10.100
Sośno 1,10911,10.89.11.100
Szczawin Kościelny 1,10912,10.89.12.100
Strzelce 1,10913,10.89.13.100
Boruja Kościelna 1,10914,10.89.14.100
Chróścice 1,10915,10.89.15.100
Dobra (zach) 1,10916,10.89.16.100
Janów Ruszki 1,10917,10.89.17.100
Leoncin 1,10919,10.89.19.100
Mała Wieś 1,10920,10.89.20.100
Nowogródek Pomorski 1,10921,10.89.21.100
Pokój 1,10923,10.89.23.100
Rożnowo 1,10924,10.89.24.100
Skarżysko-Kamienna 2,10925,10.89.25.100
Tczów Średni 1,10926,10.89.26.100
Tuchorza 1,10927,10.89.27.100
Barwice 1,10928,10.89.28.100
Domaszków 1,10929,10.89.29.100
Główczyce 1,10930,10.89.30.100
Lubin 2,10931,10.89.31.100
Sośnicowice 1,10932,10.89.32.100
Antoniów 1,10933,10.89.33.100
Biadki 1,10934,10.89.34.100
Bierzglinek 1,10935,10.89.35.100
Brwinów 1,10937,10.89.37.100
Bystra 1,10938,10.89.38.100
Chojna 1,10939,10.89.39.100
Ciechów 1,10940,10.89.40.100
Dobrodzień 1,10941,10.89.41.100
Drawsko Pomorskie 1,10942,10.89.42.100
Gniezno 2,10943,10.89.43.100
Góra Św. Małgorzaty 1,10945,10.89.45.100
Sławno (Sławieński) 3,10946,10.89.46.100
Krosno Odrzańskie 1,10947,10.89.47.100
Krotoszyn 10,10948,10.89.48.100
Lądek 1,10949,10.89.49.100
Lipinki Łużyckie 1,10950,10.89.50.100
Łagów (lub) 1,10951,10.89.51.100
Oborniki (Wlkp) 1,10952,10.89.52.100
Opatów Śląski 1,10954,10.89.54.100
Pniewy 2,10955,10.89.55.100
Połupin 1,10956,10.89.56.100
Przelewice 1,10957,10.89.57.100
Pułtusk 1,10958,10.89.58.100
Siedlisko (Wlkp) 1,10961,10.89.61.100
Szemud 1,10962,10.89.62.100
Tarnówka 1,10963,10.89.63.100
Zławieś Wielka 1,10965,10.89.65.100
Żabów 1,10966,10.89.66.100
Żędowice 1,10967,10.89.67.100
Wroniawy 1,10968,10.89.68.100
Bełchatów 3,10970,10.89.70.100
Bieżuń 1,10971,10.89.71.100
Bytom 2,10972,10.89.72.100
Czaplinek 1,10973,10.89.73.100
Gulcz 1,10975,10.89.75.100
Jakubów (Maz) 1,10976,10.89.76.100
Jelenia Góra 2,10977,10.89.77.100
Kiełpino 1,10978,10.89.78.100
Koziegłowy (Śl) 1,10979,10.89.79.100
Kutno 3,10980,10.89.80.100
Murowaniec 1,10981,10.89.81.100
Oborniki Śląskie 2,10982,10.89.82.100
Opatów (świet) 1,10983,10.89.83.100
Ozorków 1,10984,10.89.84.100
Pietrzykowice (śl) 1,10985,10.89.85.100
Pobiedziska 1,10986,10.89.86.100
Skierniewice 1,10990,10.89.90.100
Starcza 1,10992,10.89.92.100
Trzebień 1,10994,10.89.94.100
Wysocko Wielkie 1,10995,10.89.95.100
Zakroczym 1,10996,10.89.96.100
Bodzanowice 1,10999,10.89.99.100
Janików 1,11000,10.80.100.100
Karsko (Myśliborski) 1,11001,10.80.101.100
Człuchów 2,11002,10.80.102.100
Drezdenko 1,11004,10.80.104.100
Golina (Konin) 1,11005,10.80.105.100
Jemielnica 1,11006,10.80.106.100
Leszcze (świe) 1,11009,10.80.109.100
Niegosławice 1,11010,10.80.110.100
Nowe Miasto (maz) 1,11012,10.80.112.100
Ostrów 2,11014,10.80.114.100
Piotrków Trybunalski 2,11015,10.80.115.100
Samsonów 1,11017,10.80.117.100
Sokołowo 1,11018,10.80.118.100
Działki Suskowolskie 1,11019,10.80.119.100
Sypniewo (kuj-pom) 1,11020,10.80.120.100
Szamotuły 1,11021,10.80.121.100
Bielice 1,11024,10.80.124.100
idów 2 [P],11025,10.80.125.100
Borowie 1,11026,10.80.126.100
Bulkowo Butary 1,11028,10.80.128.100
Ciążeń 1,11029,10.80.129.100
Dąbrówka Wlkp 1,11030,10.80.130.100
Lewków 1,11034,10.80.134.100
Łowicz 1,11035,10.80.135.100
Miechów - Charsznica 1,11036,10.80.136.100
Mrozy 1,11037,10.80.137.100
Namysłów 2,11038,10.80.138.100
Nowa Wieś (Wlkp) 1,11039,10.80.139.100
Stromiec 1,11040,10.80.140.100
Unisław 1,11042,10.80.142.100
Zielona Góra 2,11044,10.80.144.100
Czarna Woda 1,11046,10.80.146.100
Droszków 1,11047,10.80.147.100
Dygowo 1,11048,10.80.148.100
Gniewoszów 1,11049,10.80.149.100
Gozdowo 1,11051,10.80.151.100
Jankowice 2,11052,10.80.152.100
Kłomnice 1,11053,10.80.153.100
Rawicz 2,11055,10.80.155.100
Koźminek 1,11056,10.80.156.100
Wolin 1,11057,10.80.157.100
Bojano 1,11058,10.80.158.100
Dobrzelów 1,11059,10.80.159.100
Jawor 2,11060,10.80.160.100
Kotlin 2,11061,10.80.161.100
Krzymów 1,11062,10.80.162.100
Porajów 1,11063,10.80.163.100
Strykowo 1,11065,10.80.165.100
Wierzbno 1,11066,10.80.166.100
Zblewo 1,11067,10.80.167.100
Zielona Góra 4,11068,10.80.168.100
Żukowo 1,11069,10.80.169.100
Baćkowice 1,11071,10.80.171.100
Brodnica 1,11072,10.80.172.100
Brzeźnica 1,11073,10.80.173.100
Bytom 4,11074,10.80.174.100
Ciecierzyce 1,11075,10.80.175.100
Długołęka 1,11076,10.80.176.100
Gorzyce Wielkie 2,11077,10.80.177.100
Kobylanka 1,11079,10.80.179.100
Lutomia Dolna 1,11081,10.80.181.100
Łódź 9,11082,10.80.182.100
Pietrzykowice (dol) 1,11084,10.80.184.100
Prabuty 1,11086,10.80.186.100
Szczukowice 1,11090,10.80.190.100
Trzebiatów 1,11092,10.80.192.100
Wierzchowo 1,11093,10.80.193.100
Krotoszyn 11,11094,10.80.194.100
Adamowo 1,11095,10.80.195.100
Bełchatów 4,11096,10.80.196.100
Bestwina 1,11097,10.80.197.100
Bobrowice 1,11098,10.80.198.100
Brenno 1,11099,10.80.199.100
Brojce (ZachPom) 1,11100,10.81.100.100
Bydgoszcz 2,11101,10.81.101.100
Czempiń 1,11104,10.81.104.100
Gaszowice 1,11110,10.81.110.100
Gniewomirowice 1,11111,10.81.111.100
Gubin 1,11114,10.81.114.100
Kaliska 1,11118,10.81.118.100
Kamyk 1,11119,10.81.119.100
Kaszczor 1,11121,10.81.121.100
Kołodziejewo 1,11123,10.81.123.100
Konary 1,11125,10.81.125.100
Koneck 1,11126,10.81.126.100
Koszalin 1,11127,10.81.127.100
Kościan 3,11128,10.81.128.100
Łambinowice 1,11131,10.81.131.100
Łódź 7,11132,10.81.132.100
Łódź 1,11133,10.81.133.100
Mokrzeszów 1,11136,10.81.136.100
Moskorzew 1,11137,10.81.137.100
Mroczno 1,11138,10.81.138.100
Niałek Wielki 1,11139,10.81.139.100
Niegów 1,11140,10.81.140.100
Nielubia 1,11141,10.81.141.100
Nochowo 1,11142,10.81.142.100
Piotrków Trybunalski 3,11146,10.81.146.100
Potęgowo 1,11147,10.81.147.100
Racibórz 3,11153,10.81.153.100
Rudniki (opo) 1,11154,10.81.154.100
Ruszów 1,11155,10.81.155.100
Rymań 1,11156,10.81.156.100
Rzeszotary 1,11157,10.81.157.100
Secemin 1,11158,10.81.158.100
Sławoborze 1,11161,10.81.161.100
Somonino 1,11164,10.81.164.100
Stare Kozłowice 1,11165,10.81.165.100
Stradomia Wierzchnia 1,11166,10.81.166.100
Stypułów 1,11168,10.81.168.100
Świdwin 1,11170,10.81.170.100
Świekatowo 1,11171,10.81.171.100
Świerzno 1,11172,10.81.172.100
Trzcińsko Zdrój 1,11174,10.81.174.100
Widziszewo 1,11176,10.81.176.100
Wiśniewo 1,11177,10.81.177.100
Witunia 1,11178,10.81.178.100
Zielona (maz) 1,11184,10.81.184.100
Bolesław 1,11186,10.81.186.100
Bukowice 1,11187,10.81.187.100
Bytoń 1,11188,10.81.188.100
Czapury 1,11189,10.81.189.100
Kiełczygłów 1,11193,10.81.193.100
Małobądz 1,11194,10.81.194.100
Płońsk 1,11196,10.81.196.100
Żuromin 1,11200,10.82.100.100
Pierzchnica 1,11201,10.82.101.100
Grudusk 1,11202,10.82.102.100
Wilków 1,11203,10.82.103.100
Bytnica1,11204,10.82.104.100
Kamień Śląski 1,11206,10.82.106.100
Lipiny 1,11208,10.82.108.100
Pszów 1,11209,10.82.109.100
Rewal 1,11210,10.82.110.100
Wałycz 1,11212,10.82.112.100
Wierzchowo (Szczecinek) 1,11213,10.82.113.100
Włoszczowa 2,11214,10.82.114.100
Klembów 1,11216,10.82.116.100
Ostaszewo (pom) 1,11218,10.82.118.100
Skwierzyna 1,11220,10.82.120.100
Wilkowo Polskie 1,11222,10.82.122.100
Wodzisław Śląski 1,11223,10.82.123.100
Bydlin 1,11224,10.82.124.100
Kisielice 1,11226,10.82.126.100
Krobia (kuj-pom) 1,11227,10.82.127.100
Górzno 1,11232,10.82.132.100
Boniewo (KujPom) 1,11233,10.82.133.100
Dąbrowa (łódź) 1,11235,10.82.135.100
Gnojno (świe) 1,11236,10.82.136.100
Konieczno 1,11237,10.82.137.100
Konarzew 1,11238,10.82.138.100
Młynek 1,11240,10.82.140.100
Ostrów 1,11241,10.82.141.100
Wąsowo 1,11244,10.82.144.100
Dąbie (lub) 1,11245,10.82.145.100
Grodzisk Wlkp. 3,11247,10.82.147.100
Jordanowo 1,11248,10.82.148.100
Krzycko Wielkie 1,11249,10.82.149.100
Mikołajki Pomorskie 1,11251,10.82.151.100
Mosty 1,11252,10.82.152.100
Zakrzewo (Poz) 1,11256,10.82.156.100
Żagań 2,11257,10.82.157.100
Baruchowo 1,11258,10.82.158.100
Czermin 1,11259,10.82.159.100
Janków Drugi 1,11260,10.82.160.100
Jaraczewo 1,11261,10.82.161.100
Kamień (Wlkp) 1,11263,10.82.163.100
Kowalew 1,11266,10.82.166.100
Miłoradz 1,11269,10.82.169.100
Raciążek 1,11271,10.82.171.100
Resko 1,11273,10.82.173.100
Brójce 1,11274,10.82.174.100
Chełmża 1,11275,10.82.175.100
Januszewice 1 (łódź),11276,10.82.176.100
Lemierzyce 1,11278,10.82.178.100
Lubanie 1,11279,10.82.179.100
Mycielin 1,11280,10.82.180.100
Skomlin 1,11281,10.82.181.100
Świebodzice 1,11282,10.82.182.100
Iłowo Wieś 1,11283,10.82.183.100
Lwówek Wlkp. 2,11286,10.82.186.100
Radawnica 1,11289,10.82.189.100
Stegna (pom) 1,11291,10.82.191.100
Święta 1,11293,10.82.193.100
Zawidz Kościelny 1,11294,10.82.194.100
Boguszów Gorce 2,11295,10.82.195.100
Gułtowy 1,11296,10.82.196.100
Iłów (maz) 1,11297,10.82.197.100
Stegna (maz) 1,11298,10.82.198.100
Lubiszyn 1,11299,10.82.199.100
Ostrówek (maz) 1,11301,10.83.101.100
Sadlinki 1,11302,10.83.102.100
Solec nad Wisłą 1,11303,10.83.103.100
Szczekociny 1,11304,10.83.104.100
Trzcianka 1,11307,10.83.107.100
Tyniec Mały 1,11308,10.83.108.100
Brzeziny (wlkp) 1,11312,10.83.112.100
Chrzan 1,11313,10.83.113.100
Jastrowie 3,11316,10.83.116.100
Liw 1,11318,10.83.118.100
Bielawa 1,11323,10.83.123.100
Charbrowo 1,11324,10.83.124.100
Kurzelów 1,11329,10.83.129.100
Ostrów 3,11331,10.83.131.100
Prószków (opo) 1,11332,10.83.132.100
Zbiczno 1,11334,10.83.134.100
Konarzewo (Poznański) 1,11339,10.83.139.100
Kwaśniów Dolny 1,11340,10.83.140.100
Platerówka 1,11342,10.83.142.100
Pyzdry 2,11343,10.83.143.100
Strączno 1,11346,10.83.146.100
Subkowy 1,11347,10.83.147.100
Czerwińsk nad Wisłą 1,11349,10.83.149.100
Chodkowo Działki 1,11350,10.83.150.100
Chudoba 1,11353,10.83.153.100
Drezdenko 2,11354,10.83.154.100
Jasieniec 1,11355,10.83.155.100
Szymanów 1,11356,10.83.156.100
Witoszyn 1,11357,10.83.157.100
Zielona Góra 3,11358,10.83.158.100
Gronowo 1,11360,10.83.160.100
Borawe 1,11363,10.83.163.100
Ceków 1,11365,10.83.165.100
Czajków 1,11366,10.83.166.100
Czerwieńsk 1,11367,10.83.167.100
Lubomia 1,11371,10.83.171.100
Łukowa 1,11372,10.83.172.100
Maszewo (lub) 1,11373,10.83.173.100
Pleszew 4,11375,10.83.175.100
Radowo Małe 1,11376,10.83.176.100
Schodnia 1,11377,10.83.177.100
Serock (maz) 1,11378,10.83.178.100
Rykoszyn 1,11390,10.83.190.100
Strawczyn 1,11392,10.83.192.100
Szczyty 1,11393,10.83.193.100
Trzcinica 1,11394,10.83.194.100
Ustanów 1,11395,10.83.195.100
Wodzisław 1,11396,10.83.196.100
Żyrardów 3,11397,10.83.197.100
Borne Sulinowo 1,11398,10.83.198.100
Baboszewo 1,11399,10.83.199.100
Chojnice 1,11401,10.84.101.100
Chorzów 1,11402,10.84.102.100
Czerwionka Leszczyny 1,11403,10.84.103.100
Dzierżoniów 1,11404,10.84.104.100
Ostrów Mazowiecka 1,11405,10.84.105.100
Kazanów 1,11408,10.84.108.100
Międzyrzecz - Wybudowanie 1,11411,10.84.111.100
Ludwikowice Kłodzkie 1,11412,10.84.112.100
Mroczeń 1,11416,10.84.116.100
Mysłowice 1,11417,10.84.117.100
Ogonowice 1,11418,10.84.118.100
Skórzewo 1,11422,10.84.122.100
Śmigiel 2,11425,10.84.125.100
Straszków (Kościelec) 1,11426,10.84.126.100
Warnice 1,11427,10.84.127.100
Baranów 1,11428,10.84.128.100
Bełchatów 5,11429,10.84.129.100
Brańszczyk 1,11430,10.84.130.100
Piaski (Czarn-Trzci) 1,11434,10.84.134.100
Koźminiec 1,11436,10.84.136.100
Kuźnica Czarnkowska 1,11437,10.84.137.100
Leszcze (Łódź) 1,11438,10.84.138.100
Lipowiec Kościelny 1,11440,10.84.140.100
Niepart 1,11445,10.84.145.100
Ożarów (łódź) 1,11446,10.84.146.100
Skierniewice 2,11448,10.84.148.100
Stare Czarnowo,11450,10.84.150.100
Strzelce Wielkie 1,11451,10.84.151.100
Zalewo (Iławski) 1,11453,10.84.153.100
Borek Wlkp. 2,11454,10.84.154.100
Brodnica (Wlkp) 1,11455,10.84.155.100
Cielądz 1,11456,10.84.156.100
Czerniewice 1,11457,10.84.157.100
Jaktorów Kolonia 1,11459,10.84.159.100
Koninko 1,11460,10.84.160.100
Lubliniec 2,11461,10.84.161.100
Modliszewice 1,11463,10.84.163.100
Niegosław 1,11464,10.84.164.100
Nietkowice 1,11465,10.84.165.100
Parzęczew 1,11467,10.84.167.100
Raczyce 1,11468,10.84.168.100
Turza Śląska 1,11470,10.84.170.100
Wierzchucin Królewski 1,11471,10.84.171.100
Borysławice 1,11474,10.84.174.100
Folwark (Rawicki) 1,11476,10.84.176.100
Goślinowo 1,11477,10.84.177.100
Boszkowo-Letnisko 1,11478,10.84.178.100
Jasieniec Iłżecki Górny 1,11479,10.84.179.100
Ligota (Ostrowski) 1,11482,10.84.182.100
Ligota Piękna 1,11483,10.84.183.100
Mnichów (święt) 1,11485,10.84.185.100
Mściszewice 1,11486,10.84.186.100
Sarbinowo 1,11490,10.84.190.100
Słupia Kapitulna 1,11491,10.84.191.100
Sztum 1,11494,10.84.194.100
Borzęciczki 1,11498,10.84.198.100
Bytom 3,11499,10.84.199.100
Kobiór 1,11502,10.85.102.100
Komorniki 1,11503,10.85.103.100
Konarzyny 1,11504,10.85.104.100
Konikowo 1,11505,10.85.105.100
Kostrzyn 1,11506,10.85.106.100
Kurzeszyn 1,11507,10.85.107.100
Lewin Brzeski 1,11509,10.85.109.100
Malbork 1,11512,10.85.112.100
Poświętne (Maz) 1,11514,10.85.114.100
Staw (wlkp) 1,11517,10.85.117.100
Sulęcin 1,11518,10.85.118.100
Szubin 1,11519,10.85.119.100
Wieleń 2,11521,10.85.121.100
Biskupice Ołoboczne 1,11522,10.85.122.100
Gostycyn 1,11524,10.85.124.100
Gryfice 2,11525,10.85.125.100
Jezierzyce (Pom) 1,11526,10.85.126.100
Krasowiec 1,11530,10.85.130.100
Frydrychowice 1,11533,10.85.133.100
Pęzino 1,11536,10.85.136.100
Prochowice 1,11537,10.85.137.100
Przybiernów 1,11538,10.85.138.100
Rzeczniów 1,11540,10.85.140.100
Rzekuń 1,11541,10.85.141.100
Świnice Warckie 1,11542,10.85.142.100
Węgliniec 1,11543,10.85.143.100
września 3,11544,10.85.144.100
Żagań 1,11546,10.85.146.100
Bukowa (Włoszczowski) 1,11548,10.85.148.100
Kiełczewo 1,11549,10.85.149.100
Piekary Śląskie 2,11554,10.85.154.100
Racławice Śląskie 1,11555,10.85.155.100
Trzcianka 2,11557,10.85.157.100
Wieleń 3,11558,10.85.158.100
Biskupiec 1,11559,10.85.159.100
Janków Przygodzki 1,11562,10.85.162.100
Komorowo (Ostrowski) 1,11563,10.85.163.100
Małdyty 1,11564,10.85.164.100
Mława 1,11565,10.85.165.100
Mogilno (KujPom) 1,11566,10.85.166.100
Piotrków Trybunalski 1,11568,10.85.168.100
Przecław 1,11569,10.85.169.100
Trzemeszno Lubuskie 1,11571,10.85.171.100
Warszawianka 1,11572,10.85.172.100
Zatory 1,11573,10.85.173.100
Bieruń 1,11574,10.85.174.100
Kunowo (gost) 1,11577,10.85.177.100
Szamotuły 2,11581,10.85.181.100
Zbąszyń 2,11583,10.85.183.100
Drawski Młyn 1,11586,10.85.186.100
Leśniewo 1,11589,10.85.189.100
Lutocin 1,11590,10.85.190.100
Nowa Ruda Słupiec 1,11592,10.85.192.100
Odrzywół 1,11593,10.85.193.100
Pakość 2,11594,10.85.194.100
Piekoszów 1,11595,10.85.195.100
Złotoria 1,11597,10.85.197.100
Biała 1 (łódź),11598,10.85.198.100
Chełmno 1,11600,10.86.100.100
Dąbrówno 1,11602,10.86.102.100
Dłużec 1,11603,10.86.103.100
Gola 1,11604,10.86.104.100
Gostynin 1,11605,10.86.105.100
Gubin 2,11606,10.86.106.100
Łowicz 2,11609,10.86.109.100
Nieżychowice 1,11610,10.86.110.100
Smardzewice 1,11613,10.86.113.100
Stare Oborzyska 1,11614,10.86.114.100
Stolec 1,11615,10.86.115.100
Szklary Górne 1,11616,10.86.116.100
Wągrowiec 2,11617,10.86.117.100
Wilkanowo 1,11619,10.86.119.100
Wołczkowo 1,11621,10.86.121.100
Zadzim 1,11622,10.86.122.100
Zduńska Wola 4,11623,10.86.123.100
Gubin 4,11624,10.86.124.100
Sieradz 3,11625,10.86.125.100
Bieżyń 1,11627,10.86.127.100
Bolewice 1,11628,10.86.128.100
Chrzypsko Wielkie 1,11629,10.86.129.100
Chwałkowo Kościelne 1,11630,10.86.130.100
Czernica 1,11632,10.86.132.100
Grudziądz 2,11634,10.86.134.100
Kobylin 2,11636,10.86.136.100
Kodrąb 1,11637,10.86.137.100
Łask 2,11638,10.86.138.100
Ołobok 1,11642,10.86.142.100
Otwock Mały 1,11643,10.86.143.100
Paczkowo 1,11644,10.86.144.100
Perzów 1,11645,10.86.145.100
Poniec 1,11647,10.86.147.100
Pyrzyce 1,11649,10.86.149.100
Siekierki Wielkie 1,11651,10.86.151.100
Słupia (świe) 1,11653,10.86.153.100
Świdnik 1,11655,10.86.155.100
Trzebież 1,11656,10.86.156.100
Białogard 1,11659,10.86.159.100
Dziwnów 1,11664,10.86.164.100
Jastrzębie-Zdrój 1,11665,10.86.165.100
Słupia (Zawidz) 1,11666,10.86.166.100
Mierzyce 1,11668,10.86.168.100
Nowiny Wielkie 1,11670,10.86.170.100
Pławna Dolna 1,11671,10.86.171.100
Pogorzela 1,11672,10.86.172.100
Rusko 1,11674,10.86.174.100
Witoszów Dolny 1,11677,10.86.177.100
Wójcin 1,11678,10.86.178.100
Zabrze 2,11679,10.86.179.100
Ruda Śląska 3,11680,10.86.180.100
Bobrówko (Strzel-Drezd) 1,11681,10.86.181.100
Borzęcin 1,11683,10.86.183.100
Dobrzyków 1,11685,10.86.185.100
Dretyń 1,11686,10.86.186.100
Gołębiew 1,11688,10.86.188.100
Jabłonna (Grodziski) 1,11691,10.86.191.100
Koźmin Wlkp. 2,11694,10.86.194.100
Marzęcino 1,11701,10.87.101.100
Ogrodzieniec (Śl) 1,11704,10.87.104.100
Opoczno 1,11705,10.87.105.100
Ostrów 8,11707,10.87.107.100
Polkowice 1,11709,10.87.109.100
Przemysław 1,11711,10.87.111.100
Raszówka 1,11713,10.87.113.100
Siedlemin 1,11716,10.87.116.100
Skalbmierz 1,11717,10.87.117.100
Suchedniów 1,11719,10.87.119.100
Szczecin 1,11720,10.87.120.100
Szydłowiec 2,11721,10.87.121.100
Ujazd Górny 1,11724,10.87.124.100
Wałbrzych 2,11725,10.87.125.100
Węgorzyno 1,11726,10.87.126.100
Żelazków 1,11729,10.87.129.100
Babimost 1,11731,10.87.131.100
Biesiekierz 1,11732,10.87.132.100
Bobrek 1,11733,10.87.133.100
Czarnylas 1,11737,10.87.137.100
Czechowice-Dziedzice 1,11738,10.87.138.100
Dąbrowa Górnicza 3,11740,10.87.140.100
Dąbrówka (maz) 1,11741,10.87.141.100
Drzonowo (Kołobrzeski) 1,11744,10.87.144.100
Gruszczyce 1,11749,10.87.149.100
Jadowniki (Mał) 1,11750,10.87.150.100
Kęty 1,11753,10.87.153.100
Kozielice (Pyrzycki) 1,11757,10.87.157.100
Krotoszyn 3,11758,10.87.158.100
Lubin 4,11759,10.87.159.100
Oborniki Śląskie 3,11762,10.87.162.100
Pasłęk 1,11764,10.87.164.100
Reguły 1,11767,10.87.167.100
Rogaszyce 1,11768,10.87.168.100
Sulechów 1,11769,10.87.169.100
Sulejów 1,11770,10.87.170.100
Tomaszów Mazowiecki 4,11771,10.87.171.100
Tymień 1,11774,10.87.174.100
Wschowa 3,11775,10.87.175.100
Żarnowiec 1,11777,10.87.177.100
Chocicza 1,11779,10.87.179.100
Dąbrowa Chełmińska 1,11780,10.87.180.100
Jaworzno (Śl) 1,11781,10.87.181.100
Kolonia Osiek 1,11782,10.87.182.100
Maszewo (zach-pom) 1,11786,10.87.186.100
Pieczyska 1,11788,10.87.188.100
Stare Juchy 1,11789,10.87.189.100
Przybysławice (Wlkp) 1,11790,10.87.190.100
Psary Polskie 1,11792,10.87.192.100
Bilcza 1,11796,10.87.196.100
Bydgoszcz 1,11799,10.87.199.100
Dobieszczyzna 1,11801,10.88.101.100
Domaniów 1,11802,10.88.102.100
Graniczna (Dol) 1,11805,10.88.105.100
Grzegorzew 1,11806,10.88.106.100
Jędrzychowice 1,11808,10.88.108.100
Koszalin 2,11810,10.88.110.100
Krasiejów 1,11811,10.88.111.100
Legnickie Pole 1,11813,10.88.113.100
Leszno 1,11814,10.88.114.100
Linia 1,11816,10.88.116.100
Lipce Reymontowskie 1,11817,10.88.117.100
Lisiec Wielki 1,11818,10.88.118.100
Lyski 1,11819,10.88.119.100
Łanięta 1,11820,10.88.120.100
Łowyń 1,11822,10.88.122.100
Niemstów 1,11830,10.88.130.100
Oleszno 1,11831,10.88.131.100
Ostrówek (lodz) 1,11832,10.88.132.100
Ośno Lubuskie 2,11833,10.88.133.100
Otyń 1,11834,10.88.134.100
Pakosławice 1,11835,10.88.135.100
Pęcław 1,11836,10.88.136.100
Polska Nowa Wieś 1,11838,10.88.138.100
Połczyn Zdrój 1,11839,10.88.139.100
Przechlewo 1,11840,10.88.140.100
Przyborki 1,11842,10.88.142.100
Pustkowo 1,11843,10.88.143.100
Rogów 1,11847,10.88.147.100
Rytwiany 1,11848,10.88.148.100
Sadkowice 1,11849,10.88.149.100
Sędziejowice (Łódź) 1,11850,10.88.150.100
Skarszewy 1,11851,10.88.151.100
Skrzyńsko 1,11852,10.88.152.100
Spalona (Legnicki) 1,11853,10.88.153.100
Strojec 1,11855,10.88.155.100
Szczecinek 2,11856,10.88.156.100
Wysoka 2,11862,10.88.162.100
Zakliczyn 1,11863,10.88.163.100
Zambrów 1,11865,10.88.165.100
Biała 1 (dol),11867,10.88.167.100
Chodel 1,11869,10.88.169.100
Julianpol 1,11871,10.88.171.100
Krobia (wlkp) 2,11874,10.88.174.100
Leszno 3,11875,10.88.175.100
Lubanowo 1,11876,10.88.176.100
Miedniewice (Łódź) 1,11877,10.88.177.100
Miedźno (Śl) 1,11878,10.88.178.100
Runowo Krajeńskie 1,11881,10.88.181.100
Stara Niedziałka 1,11882,10.88.182.100
Sulmierzyce 2,11883,10.88.183.100
Tarnowo Podgórne 2,11884,10.88.184.100
Potok Wielki (Święt) 1,11885,10.88.185.100
Białogard 3,11888,10.88.188.100
Bolesławiec (dol) 2,11889,10.88.189.100
Bolesławiec 3,11890,10.88.190.100
Golina Wielka 1,11892,10.88.192.100
Iłża 1,11893,10.88.193.100
Kamień Pomorski 1,11897,10.88.197.100
Kołczewo 1,11898,10.88.198.100
Lubieszów 1,11899,10.88.199.100
Nowa Sól 2,11902,10.89.102.100
Nowogard 1,11903,10.89.103.100
Nowy Lubosz 1,11904,10.89.104.100
Rokietnica 2,11909,10.89.109.100
Rzgów (Wlkp) 1,11910,10.89.110.100
Sandomierz 1,11911,10.89.111.100
Siedlików 1,11912,10.89.112.100
Sokolniki 1,11913,10.89.113.100
Tczew 1,11917,10.89.117.100
Wąbrzeźno 1,11918,10.89.118.100
Wola Radłowska 1,11920,10.89.120.100
Zabrze 1,11921,10.89.121.100
Byczyna 1,11927,10.89.127.100
Goleniów 1,11933,10.89.133.100
Grabik 1,11935,10.89.135.100
Iława 1,11937,10.89.137.100
Kleszczów (Łódź) 1,11940,10.89.140.100
Klęka 1,11941,10.89.141.100
Koronowo (KujPom) 1,11945,10.89.145.100
Kożuchów 3,11948,10.89.148.100
Kruszewo (Wlkp) 1,11950,10.89.150.100
Kurów,11952,10.89.152.100
Lubięcin 1,11953,10.89.153.100
Lubin 3,11954,10.89.154.100
Ścinawa 2,11955,10.89.155.100
Łąkie 1,11956,10.89.156.100
Łubnica (Wlkp) 1,11957,10.89.157.100
Miętne 1,11960,10.89.160.100
Mikstat 2,11961,10.89.161.100
Oleśnica 1 (świet),11964,10.89.164.100
Pleszew 5,11966,10.89.166.100
Polnica 1,11968,10.89.168.100
Przyjmo 1,11970,10.89.170.100
Rozdrażew 2,11974,10.89.174.100
Siemirowice 1,11976,10.89.176.100
Świętno 1,11980,10.89.180.100
Zduńska Wola 5,11987,10.89.187.100
Bielice (warm-maz) 1,11990,10.89.190.100
Brody 1,11993,10.89.193.100
Bronisławów 1,11994,10.89.194.100
Chojny 1,11995,10.89.195.100
Dobryszyce 1,11998,10.89.198.100
Dziwnówek 1,12000,10.50.0.100
Grabowo 1,12004,10.50.4.100
Grodziczno 1,12005,10.50.5.100
Irządze (Śl) 1,12007,10.50.7.100
Konin 4,12009,10.50.9.100
Kożuchów 2,12012,10.50.12.100
Kraśnik Dolny 1,12013,10.50.13.100
Krzepielów 1,12014,10.50.14.100
Nowa Wieś (Warszawsko zachodni,12020,10.50.20.100
Nowiny (Maz) 1,12021,10.50.21.100
Ostrowiec Świętokrzyski 2,12027,10.50.27.100
Ostrowite (wlkp) 1,12028,10.50.28.100
Romanowo Dolne 1,12032,10.50.32.100
Różewo (ZachPom) 1,12033,10.50.33.100
Skalmierzyce 1,12034,10.50.34.100
Starachowice 1,12035,10.50.35.100
Stąporków 1,12036,10.50.36.100
Tczew 2,12039,10.50.39.100
Turew 1,12040,10.50.40.100
Witnica (ZachPom) 1,12041,10.50.41.100
Wsola 1,12042,10.50.42.100
Żerków 2,12043,10.50.43.100
Bielcza 1,12044,10.50.44.100
Borzęcice 1,12046,10.50.46.100
Chrzanów 1,12048,10.50.48.100
Dobromierz (Dol) 1,12049,10.50.49.100
Dzietrzniki 1,12051,10.50.51.100
Gościszów 1,12054,10.50.54.100
Granowiec 1,12055,10.50.55.100
Imielno 1,12056,10.50.56.100
Jaworzno (Śl) 2,12061,10.50.61.100
Kłecko 2,12065,10.50.65.100
Konin 1,12066,10.50.66.100
Koszalin 3,12067,10.50.67.100
Leszno Górne 1,12070,10.50.70.100
Ligota Wołczyńska 1,12071,10.50.71.100
Łagów (Święt) 1,12074,10.50.74.100
Łopienno 1,12075,10.50.75.100
Manowo 1,12076,10.50.76.100
Milicz 3,12078,10.50.78.100
Mirostowice Dolne 1,12079,10.50.79.100
Mniszków 1,12080,10.50.80.100
Niziny 1,12083,10.50.83.100
Nowa Sucha 1,12084,10.50.84.100
Jutrosin 2 (Nowy Sielec),12086,10.50.86.100
Polanów 1,12091,10.50.91.100
Policzna 1,12092,10.50.92.100
Radziwiłłów (Maz) 1,12093,10.50.93.100
Sława 2,12099,10.50.99.100
Słupca 1,12100,10.51.0.100
Smołdzino 1,12101,10.51.1.100
Staniszewo (Pom) 1,12102,10.51.2.100
Szczecin 2,12105,10.51.5.100
Trąbki Wielkie,12108,10.51.8.100
Wądroże Wielkie 1,12111,10.51.11.100
Wielowieś (Śl) 1,12112,10.51.12.100
Wołczyn 1,12114,10.51.14.100
Zawonia 2,12115,10.51.15.100
Żelechlinek 1,12116,10.51.16.100
Bydgoszcz 3,12118,10.51.18.100
kwica [I],12119,10.51.19.100
Ciechocin (KujPom)1,12120,10.51.20.100
Czyczkowy 1,12121,10.51.21.100
Dobromierz (święt) 1,12123,10.51.23.100
Gniezno 3,12124,10.51.24.100
Grabów Nad Prosną 2,12126,10.51.26.100
Gryfino 1,12128,10.51.28.100
Magnuszew 1,12134,10.51.34.100
Maków (Łódź) 1,12135,10.51.35.100
Mirocin Dolny 1,12137,10.51.37.100
Mordarka 1,12138,10.51.38.100
Mostki (Staszowski) 1,12139,10.51.39.100
Olszowa 1,12141,10.51.41.100
Pępowo 2,12142,10.51.42.100
Radzanów (Białobrzeski) 1,12146,10.51.46.100
Rojów 1,12147,10.51.47.100
Skrzydlna 1,12150,10.51.50.100
Sławsk 1,12151,10.51.51.100
Szydłowiec 1,12154,10.51.54.100
Świebodzin 3,12155,10.51.55.100
Tolkmicko 1,12156,10.51.56.100
Truskolasy 1,12157,10.51.57.100
Trzcianka 3,12158,10.51.58.100
Wągrowiec 3,12160,10.51.60.100
Wtórek 1,12161,10.51.61.100
Zelów 2,12163,10.51.63.100
Bodzewo 1,12168,10.51.68.100
Bytom Odrzański 2,12170,10.51.70.100
Cekcyn 1,12171,10.51.71.100
Gałków Duży 1,12176,10.51.76.100
Głowaczów (Maz) 1,12177,10.51.77.100
Gniezno 4,12178,10.51.78.100
Gniezno 5,12179,10.51.79.100
Gościm 1,12181,10.51.81.100
Grabów Wieś (Łódź) 1,12182,10.51.82.100
Lelów 1,12188,10.51.88.100
Leńcze 1,12189,10.51.89.100
Leśno 1,12190,10.51.90.100
Lubań 1,12192,10.51.92.100
Lubin 7,12194,10.51.94.100
Łobez 1,12197,10.51.97.100
Mazurowice 1,12200,10.52.0.100
Mostkowo (ZachPom) 1,12202,10.52.2.100
Myszków 1,12203,10.52.3.100
Opole 4,12207,10.52.7.100
Ryjewo 1,12212,10.52.12.100
Sosnowiec 1,12214,10.52.14.100
Stepnica 1,12217,10.52.17.100
Strzyżewice 1,12218,10.52.18.100
Tarłów 1,12222,10.52.22.100
Węgorzyno 2,12224,10.52.24.100
Wiśniowa Góra 1,12226,10.52.26.100
Zduny (Łowicki) 1,12228,10.52.28.100
Zgorzelec 2,12229,10.52.29.100
Zieleniewo (stargardzki) 1,12230,10.52.30.100
Bytom Odrzański 1,12232,10.52.32.100
Dawidy Bankowe 1,12234,10.52.34.100
Gniezno 6,12236,10.52.36.100
Goszczanów 1,12237,10.52.37.100
Grodziec (Wlkp) 1,12238,10.52.38.100
Krojanty 1,12241,10.52.41.100
Leszno 4,12242,10.52.42.100
Maków Podhalański 1,12245,10.52.45.100
Nowa Wieś Malborska 1,12249,10.52.49.100
Paniówki 1,12250,10.52.50.100
Pisarzowice (Brzeski) 1,12251,10.52.51.100
Płużnica 1,12252,10.52.52.100
Pomiechówek 1,12253,10.52.53.100
Sadowie (Święt) 1,12256,10.52.56.100
Siemyśl 1,12257,10.52.57.100
Tarnowskie Góry 2,12261,10.52.61.100
Aleksandria Pierwsza 1,12267,10.52.67.100
Biała Rawska 2,12268,10.52.68.100
Borek Strzeliński 1,12269,10.52.69.100
Dąbroszyn (Lub) 1,12271,10.52.71.100
Górzyn (Lub) 1,12273,10.52.73.100
Janowiec Wielkopolski 2,12274,10.52.74.100
Kaczorów (Łódź) 1,12275,10.52.75.100
Kokanin 1,12276,10.52.76.100
Korzeńsko 1,12277,10.52.77.100
Łęka Opatowska 1,12279,10.52.79.100
Mrozów 1,12282,10.52.82.100
Pińczyce 1,12285,10.52.85.100
Pobierowo 1,12287,10.52.87.100
Polski Konopat 1,12288,10.52.88.100
Serwis (Święt) 1,12290,10.52.90.100
Wielka Wieś (mal) 1,12294,10.52.94.100
Żydowo (Gnieźnieński) 1,12295,10.52.95.100
Bielawa 2,12297,10.52.97.100
Klimontów (Sandomierski) 1,12299,10.52.99.100
Łowicz 3,12302,10.53.2.100
Wioska (Oleśnicki) 1,12304,10.53.4.100
Rąbień AB 1,12309,10.53.9.100
Śniadowo 1,12311,10.53.11.100
Złocieniec 1,12313,10.53.13.100
Burzenin 1,12316,10.53.16.100
Czechy (Łódź) 1,12317,10.53.17.100
Egiertowo 1,12318,10.53.18.100
Grzymałków 1,12322,10.53.22.100
Księginice (Lubiński) 1,12323,10.53.23.100
Osiek nad Notecią 1,12325,10.53.25.100
Wałbrzych 3,12327,10.53.27.100
Dębowa Łąka 1,12332,10.53.32.100
Nowe 1,12334,10.53.34.100
Piekary Śląskie 3,12335,10.53.35.100
Belęcin 1,12342,10.53.42.100
Gliwice 2,12344,10.53.44.100
Iłowa 2,12345,10.53.45.100
Jankowo Dolne 1,12346,10.53.46.100
Kosowizna 1,12347,10.53.47.100
Męcinka 1,12349,10.53.49.100
Nowa Wieś (Grudziądzki) 1,12350,10.53.50.100
Nowy Staw 1,12351,10.53.51.100
Siennica 1,12352,10.53.52.100
Będków (Tomaszowski) 1,12356,10.53.56.100
Bobrzany 1,12357,10.53.57.100
Jedwabne 1,12361,10.53.61.100
Łomża 1,12362,10.53.62.100
Łukęcin 1,12363,10.53.63.100
Rossoszyca 1,12364,10.53.64.100
Słupia (konecka) 1,12365,10.53.65.100
Witobel 1,12367,10.53.67.100
Zbójna 1,12368,10.53.68.100
Bielawa 3,12369,10.53.69.100
Wiechutki 1,12372,10.53.72.100
Lipno (KujPom) 2,12374,10.53.74.100
Lubań 2,12375,10.53.75.100
Ostrowiec Świętokrzyski 3,12379,10.53.79.100
Pionki 1,12380,10.53.80.100
Radgoszcz (Mał) 1,12382,10.53.82.100
Solec Kujawski 1,12383,10.53.83.100
Włostów (Święt) 1,12384,10.53.84.100
Barkowo (Pom) 1,12386,10.53.86.100
Dobra (ZachPom) 2,12389,10.53.89.100
Jonkowo 1,12392,10.53.92.100
Kutno 4,12395,10.53.95.100
Luszowice (Dąbrowski) 1,12397,10.53.97.100
Łobez 2,12398,10.53.98.100
Międzylesie (Dol) 1,12400,10.54.0.100
Morawin (Kaliski) 1,12402,10.54.2.100
Nowa Wieś Ełcka 1,12404,10.54.4.100
Osiek (Oświęcimski) 1,12409,10.54.9.100
Ostrowy nad Okszą 1,12411,10.54.11.100
Piekary Śląskie 5,12413,10.54.13.100
Podgórzyn (Dol) 1,12414,10.54.14.100
Recz (Zachpom) 1,12417,10.54.17.100
Redło (Świdwiński) 1,12418,10.54.18.100
Rozprza 1,12419,10.54.19.100
Rząśnik (Wyszkowski) 1,12420,10.54.20.100
Siemkowice 2,12421,10.54.21.100
Skępe 1,12423,10.54.23.100
Szczecinek 4,12427,10.54.27.100
Ujanowice 1,12429,10.54.29.100
Zgierz 2,12435,10.54.35.100
Bieruń 2,12437,10.54.37.100
Brzostowo (Wlkp) 1,12439,10.54.39.100
Choszczno 2,12441,10.54.41.100
Cybinka 1,12442,10.54.42.100
Dąbcze 1,12443,10.54.43.100
Gierzwałd 1,12444,10.54.44.100
Grabów nad Pilicą 1,12446,10.54.46.100
Grzebienisko 1,12447,10.54.47.100
Januszkowice (Opo) 1,12449,10.54.49.100
Jaźwina 1,12450,10.54.50.100
Jelonki 1,12451,10.54.51.100
Kierzno (Wlkp) 1,12453,10.54.53.100
Kołaczkowo (Wrzesiński) 1,12455,10.54.55.100
Korytnica (Węgrowski) 1,12456,10.54.56.100
Lipno (KujPom) 4,12458,10.54.58.100
Maksymilianowo (Wlkp) 1,12460,10.54.60.100
Miastkowo 1,12461,10.54.61.100
Oborniki (Wlkp) 2,12463,10.54.63.100
Pisz 1,12464,10.54.64.100
Radłów (opo) 1,12467,10.54.67.100
Rzepin 2,12469,10.54.69.100
Sępólno Krajeńskie 1,12470,10.54.70.100
Siemiatycze 1,12472,10.54.72.100
Siewierz 1,12473,10.54.73.100
Skierdy 1,12474,10.54.74.100
Słupie (Lubel) 1,12475,10.54.75.100
Snowidza 1,12476,10.54.76.100
Staroźreby 1,12478,10.54.78.100
Tarnowskie Góry 3,12480,10.54.80.100
Wapno 1,12482,10.54.82.100
Warszewice (KujPom) 1,12483,10.54.83.100
Zelów 1,12486,10.54.86.100
Zielonagóra (Szamotulski) 1,12487,10.54.87.100
Złotniki (Święt) 1,12488,10.54.88.100
zytuchom [V],12493,10.54.93.100
Bratian 1,12494,10.54.94.100
Drzewica (Łódz) 1,12496,10.54.96.100
Działyń (KujPom) 1,12497,10.54.97.100
Gębice (KujPom) 1,12498,10.54.98.100
Grudziądz 4,12501,10.55.1.100
Janikowo (KujPom) 1,12503,10.55.3.100
Janowiec (Lubel) 1,12504,10.55.4.100
Kłobuck 1,12506,10.55.6.100
Kokoszkowy 1,12507,10.55.7.100
Kowalewo Pomorskie 2,12509,10.55.9.100
Kruszwica 1,12511,10.55.11.100
Leszno 6,12513,10.55.13.100
Łąkociny 1,12515,10.55.15.100
Makowiska (Łódź) 1,12516,10.55.16.100
Maków Mazowiecki 1,12517,10.55.17.100
Maniowy 1,12518,10.55.18.100
Mochowo 1,12521,10.55.21.100
Mrocza 2,12522,10.55.22.100
Osiek nad Wisłą 1,12525,10.55.25.100
Ostrowice 1,12526,10.55.26.100
Palędzie 1,12527,10.55.27.100
Piekary Śląskie 4,12529,10.55.29.100
Polanica Zdrój 1,12530,10.55.30.100
Radomin (Kujpom) 1,12531,10.55.31.100
Rąbino 1,12532,10.55.32.100
Sadki 2,12533,10.55.33.100
Sianożęty 1,12534,10.55.34.100
Sławno (sławieński) 2,12535,10.55.35.100
Smardzewo (Lubus) 1,12536,10.55.36.100
Sochaczew 1,12537,10.55.37.100
Sząbruk 1,12539,10.55.39.100
Świerczów (opo) 1,12544,10.55.44.100
Teresin Gaj 1,12545,10.55.45.100
Widawa 1,12548,10.55.48.100
Wielkie Rychnowo 1,12549,10.55.49.100
Zbójno (KujPom) 1,12552,10.55.52.100
Ziębice 2,12554,10.55.54.100
Bydgoszcz 5,12557,10.55.57.100
Jemielno 1,12563,10.55.63.100
Ludomy 1,12564,10.55.64.100
Ożarów (Święt) 1,12565,10.55.65.100
Radzanowo 1,12567,10.55.67.100
Skarżysko-Kamienna 5,12568,10.55.68.100
Skorczów 1,12569,10.55.69.100
Sułów 1,12570,10.55.70.100
Swobnica 1,12571,10.55.71.100
Tłokinia Kościelna 1,12574,10.55.74.100
Baby 1,12575,10.55.75.100
Borów 1,12576,10.55.76.100
Budzów (Mał) 1,12577,10.55.77.100
Czarże 1,12579,10.55.79.100
Kramsk 1,12583,10.55.83.100
Osiecznica (Dol) 1,12588,10.55.88.100
Panieńszczyzna 1,12589,10.55.89.100
Rakoszyce 1,12593,10.55.93.100
Rokiciny Kolonia 1,12594,10.55.94.100
Rożental (Pom) 1,12595,10.55.95.100
Santok 1,12596,10.55.96.100
Strzałkowo (wlkp) 1,12597,10.55.97.100
Wielki Klincz 1,12599,10.55.99.100
Żagań 3,12602,10.56.2.100
Białogard 2,12606,10.56.6.100
Kępa Borzechowska 1,12607,10.56.7.100
Czempiń 2,12609,10.56.9.100
Kościelec (Kolski) 1,12612,10.56.12.100
Lichnowy (Malborski) 1,12613,10.56.13.100
Łubniany 1,12614,10.56.14.100
Wschowa 4,12618,10.56.18.100
Wizna 1,12622,10.56.22.100
Dąbrowa Zielona 1,12625,10.56.25.100
Osiek Mały (Wlkp) 1,12626,10.56.26.100
Sieroniowice 1,12630,10.56.30.100
Nakło nad Notecią 1,12631,10.56.31.100
Aleksandrów (Łódź) 1,12633,10.56.33.100
Chotcza 1,12635,10.56.35.100
Krośnica (Opo) 1,12639,10.56.39.100
Mirzec 1,12642,10.56.42.100
Radomsko 4,12644,10.56.44.100
Zakrzew (Wlkp) 1,12646,10.56.46.100
Chocianów 2,12648,10.56.48.100
Gilowice 1,12650,10.56.50.100
Rybojedzko (Wlkp) 1,12652,10.56.52.100
Chociwel (ZachPom) 1,12653,10.56.53.100
Trzydnik Duży 1,12654,10.56.54.100
Zamość (KujPom) 1,12656,10.56.56.100
Brdów 1,12657,10.56.57.100
Gomulin-Kolonia 1,12659,10.56.59.100
Rogozino 1,12663,10.56.63.100
Konin 3,12666,10.56.66.100
Racot 1,12669,10.56.69.100
Bojadła 1,12675,10.56.75.100
Bożejowice 1,12676,10.56.76.100
Jelcz-Laskowice 1,12677,10.56.77.100
Stara Dąbrowa (ZachPom) 1,12681,10.56.81.100
Wolica (Wlkp) 1,12683,10.56.83.100
Wysoka Kamieńska 1,12684,10.56.84.100
Góra 5,12685,10.56.85.100
Karlino 1,12686,10.56.86.100
Łącznik 1,12688,10.56.88.100
Pogorzela (Opo) 1,12691,10.56.91.100
Powiercie 1,12692,10.56.92.100
Rogowo (Rypiński) 1,12694,10.56.94.100
Sobótka (Ostrowski) 1,12695,10.56.95.100
Wierzchosławice (KujPom) 1,12697,10.56.97.100
Andrychów 1,12702,10.57.2.100
Bulowice 1,12703,10.57.3.100
Świdwin 2,12704,10.57.4.100
Stanomino 1,12705,10.57.5.100
Jordanów (Łódź) 1,12711,10.57.11.100
Wróblew (Sieradzki) 1,12712,10.57.12.100
Wielgomłyny 1,12713,10.57.13.100
Milejewo (Warmmaz) 1,12717,10.57.17.100
Mogilno (KujPom) 2,12718,10.57.18.100
Ostrowite (Golub-Dobrzyń) 1,12720,10.57.20.100
Augustów (Kowala) 1,12722,10.57.22.100
Bukownica (Ostrzeszowski) 1,12723,10.57.23.100
Miłocice (Oławski) 1,12725,10.57.25.100
Dźwierzuty 1,12728,10.57.28.100
Kamień Duży 1,12731,10.57.31.100
Ruszków Pierwszy 1,12735,10.57.35.100
Świątki (WarmMaz) 1,12738,10.57.38.100
Wyrzysk 2,12739,10.57.39.100
Komarówka Podlaska 1,12741,10.57.41.100
Kraśnik (Lubel) 1,12742,10.57.42.100
Stanowice (Oławski) 1,12743,10.57.43.100
Książki 1,12750,10.57.50.100
Lubicz Dolny 1,12751,10.57.51.100
Brzustów (Inowłódz) 1,12753,10.57.53.100
Kania Góra 1,12755,10.57.55.100
Kolesin 1,12756,10.57.56.100
Witoszyce 1,12760,10.57.60.100
Wodzierady 1,12761,10.57.61.100
Jamielnik (Nowomiejski) 1,12767,10.57.67.100
Warka 1,12770,10.57.70.100
Wąpielsk 1,12771,10.57.71.100
Godkowo 1,12778,10.57.78.100
Gronowo Elbląskie 1,12779,10.57.79.100
Lubcz (KujPom) 1,12780,10.57.80.100
Łazy (Piaseczyński) 1,12781,10.57.81.100
Przybranowo 1,12783,10.57.83.100
Trzebicz 1,12786,10.57.86.100
Władysławowo (Pom) 1,12787,10.57.87.100
Zągoty 1,12788,10.57.88.100
Strzebiń 1,12795,10.57.95.100
Budzisław Kościelny 1,12799,10.57.99.100
Pacyna 1,12801,10.58.1.100
Psary (wlkp) 1,12802,10.58.2.100
Adamowo 2,12803,10.58.3.100
Stare Koźle 1,12810,10.58.10.100
Strzelin 1,12811,10.58.11.100
Błędów (Grójecki) 1,12813,10.58.13.100
Braniewo 1,12814,10.58.14.100
Dobrzyń nad Wisłą 1,12815,10.58.15.100
Płock 1,12817,10.58.17.100
Szewce (Buk) 1,12819,10.58.19.100
Biała Rawska 1,12822,10.58.22.100
Wolbrom 1,12827,10.58.27.100
Zagórze Śląskie 1,12828,10.58.28.100
Bukowiec (Lub) 1,12829,10.58.29.100
Damasławek 2,12830,10.58.30.100
Kanie (Maz) 1,12831,10.58.31.100
Mańkowo (Płocki) 1,12832,10.58.32.100
Papowo Biskupie 1,12833,10.58.33.100
Przasnysz 1,12834,10.58.34.100
Rudzienice 1,12836,10.58.36.100
Dzierżoniów 2,12838,10.58.38.100
Korfantów 1,12841,10.58.41.100
Lubrza (Lubus) 1,12843,10.58.43.100
Rybnik (Śl) 2,12844,10.58.44.100
Skarżysko-Kamienna 3,12846,10.58.46.100
Śrem 2,12847,10.58.47.100
Tarchały Wielkie 1,12848,10.58.48.100
Cewice 1,12850,10.58.50.100
Drawno 2,12852,10.58.52.100
Sikórz (Maz) 1,12855,10.58.55.100
Wałdowo Szlacheckie 1,12856,10.58.56.100
Wierzchucino 1,12857,10.58.57.100
Częstochowa 1,12860,10.58.60.100
Milejów (Lubel) 1,12865,10.58.65.100
Przybysławice (Lubel) 1,12866,10.58.66.100
Płock 2,12871,10.58.71.100
Sulnowo 1,12872,10.58.72.100
Turośl (Podlaskie) 1,12874,10.58.74.100
Czernina 1,12875,10.58.75.100
Karłowice (Opo) 1,12877,10.58.77.100
Kolsko 1,12878,10.58.78.100
Mokrzyska 1,12881,10.58.81.100
Sobolew (Garwoliński) 1,12885,10.58.85.100
Radków (Święt) 1,12887,10.58.87.100
Siedlec (Mał) 1,12890,10.58.90.100
Sulmierzyce (Łódź) 1,12891,10.58.91.100
Kalisz Pomorski 1,12897,10.58.97.100
Międzyrzec Podlaski 1,12900,10.59.0.100
Naruszewo 1,12902,10.59.2.100
Piekuty Urbany 1,12903,10.59.3.100
Rościszewo (Maz) 1,12904,10.59.4.100
Turek 2,12905,10.59.5.100
Złocieniec 2,12906,10.59.6.100
Nowa Sól 3,12907,10.59.7.100
Wągrowiec 5,12916,10.59.16.100
Wrząca Wielka (Wlkp) 1,12917,10.59.17.100
Ustronie Morskie 2,12918,10.59.18.100
Lasowice Wielkie (Opo) 1,12922,10.59.22.100
Wieluń 1,12925,10.59.25.100
Wężyska 1,12926,10.59.26.100
Elbląg 1,12929,10.59.29.100
Goryszewo 1,12931,10.59.31.100
Gójsk 1,12932,10.59.32.100
Kolno (KujPom) 1,12933,10.59.33.100
Nowe Pieścirogi 1,12934,10.59.34.100
Sochaczew 2,12936,10.59.36.100
Toruń 1,12937,10.59.37.100
Turek 3,12939,10.59.39.100
Uzdowo 1,12940,10.59.40.100
Wójtowo (Barczewo) 1,12942,10.59.42.100
Białaczów 1,12944,10.59.44.100
Pełczyn (Lubel) 1,12949,10.59.49.100
Siepraw 1,12951,10.59.51.100
Sianów 1,12955,10.59.55.100
Łebcz 1,12958,10.59.58.100
Nowy Dwór (Dąbrowa Chełm) 1,12959,10.59.59.100
Padniewko 1,12960,10.59.60.100
Pasym 1,12961,10.59.61.100
Sokoły (Podl) 1,12962,10.59.62.100
Stęszew 2,12964,10.59.64.100
Mierzyn (Łódź) 1,12966,10.59.66.100
Świerczyna (Wlkp) 1,12969,10.59.69.100
Bolesławice (Pom) 1,12971,10.59.71.100
Kawęczyn (Turecki) 1,12972,10.59.72.100
Kowalki (KujPom) 1,12973,10.59.73.100
Pakosław (Nowotomyski) 1,12975,10.59.75.100
Siemianice (Pom) 1,12977,10.59.77.100
Bukówiec Górny 1,12979,10.59.79.100
Łódź 8,12984,10.59.84.100
Niwnica 1,12985,10.59.85.100
Polichna Druga 1,12987,10.59.87.100
Sobków 1,12988,10.59.88.100
Świerczyniec 1,12990,10.59.90.100
Wawrzeńczyce (Mał) 1,12991,10.59.91.100
Budowo 1,12993,10.59.93.100
Drawsko Pomorskie 2,12994,10.59.94.100
Izbica Kujawska 2,12995,10.59.95.100
Kurzętnik 1,12996,10.59.96.100
Zdziersk 1,12997,10.59.97.100
Wikielec 1,12998,10.59.98.100
Wronki (Wlkp) 1,12999,10.59.99.100
Częstochowa 2,13001,10.50.101.100
Trzebiesławice 1,13004,10.50.104.100
Siemiątkowo 1,13007,10.50.107.100
Trzemeszno (Gnieźnieński) 1,13010,10.50.110.100
Jeżów Sudecki 1,13012,10.50.112.100
Kwidzyn 1,13013,10.50.113.100
Olsztynek 1,13018,10.50.118.100
Samborowo 1,13019,10.50.119.100
Łukta 1,13021,10.50.121.100
Bogucice (Mał) 1,13022,10.50.122.100
Czarnocin (Święt) 1,13023,10.50.123.100
Ludwin 1,13024,10.50.124.100
Marcinów (Lubel) 1,13025,10.50.125.100
Zbytowa 1,13028,10.50.128.100
Radzionków 2,13030,10.50.130.100
Zawiercie 1,13031,10.50.131.100
Kąkolewnica 1,13032,10.50.132.100
Wągrowiec 4,13033,10.50.133.100
Osiek (Brodnicki) 1,13034,10.50.134.100
Kurowice (Łódź) 1,13035,10.50.135.100
Budziszewice (Łódz) 1,13036,10.50.136.100
Kamienica Polska 1,13038,10.50.138.100
Leszno 9,13039,10.50.139.100
Moszczanka (Opo) 1,13041,10.50.141.100
Olszyna (Ostrzeszowski) 1,13042,10.50.142.100
Pabianice 2,13043,10.50.143.100
Paczków (Opo) 1,13044,10.50.144.100
Walichnowy 1,13045,10.50.145.100
Drawsko Pomorskie 3,13047,10.50.147.100
Garczegorze 1,13049,10.50.149.100
Kicin (Wlkp) 1,13050,10.50.150.100
Lubraniec 1,13052,10.50.152.100
Witonia 1,13059,10.50.159.100
Głogów 3,13060,10.50.160.100
Karczmiska Pierwsze 1,13061,10.50.161.100
Lipie (Kłobucki) 1,13063,10.50.163.100
Nowe Miasteczko 2,13064,10.50.164.100
Magnuszowice 1,13066,10.50.166.100
Dziewierzewo 1,13070,10.50.170.100
Inowrocław 2,13072,10.50.172.100
Rybienko Nowe 1,13073,10.50.173.100
erzkowice (rynek) [N],13079,10.50.179.100
Henryków (Dol) 1,13089,10.50.189.100
Gierałcice (Kluczborski) 1,13090,10.50.190.100
Mława 2,13095,10.50.195.100
Olszyny (Warmmaz) 1,13096,10.50.196.100
Raciąż (Maz) 1,13099,10.50.199.100
Rudka (Warmmaz) 1,13101,10.51.101.100
Kalwaria Zebrzydowska 1,13107,10.51.107.100
Komorze Przybysławskie 1,13108,10.51.108.100
Jasień 2,13109,10.51.109.100
Nysa 2,13113,10.51.113.100
Ołdrzychowice Kłodzkie 1,13114,10.51.114.100
Wydawy (Rawicki) 1,13118,10.51.118.100
Zabór 1,13119,10.51.119.100
Gwda Mała 1,13127,10.51.127.100
Kolno (Podl) 1,13129,10.51.129.100
Grobla (Wlkp) 1,13130,10.51.130.100
Krasnosielc 1,13131,10.51.131.100
Rybno (Działdowski) 1,13135,10.51.135.100
Stawiguda 1,13137,10.51.137.100
Gorzów Wlkp. 2,13142,10.51.142.100
Wola Droszewska 1,13145,10.51.145.100
Bielsk (Maz) 1,13146,10.51.146.100
Ciachcin 1,13147,10.51.147.100
Góralice 1,13148,10.51.148.100
Radzanów (Mławski) 1,13150,10.51.150.100
Zakrzewo (Aleksandrowski) 1,13151,10.51.151.100
Gorzów Wlkp. 1,13152,10.51.152.100
Lubin 6,13157,10.51.157.100
Parchów 1,13159,10.51.159.100
Wólka Cycowska 1,13163,10.51.163.100
Osieczna (Pom) 1,13166,10.51.166.100
Stanin 1,13168,10.51.168.100
Świdry (Łukowski) 1,13170,10.51.170.100
Góra 4,13173,10.51.173.100
Olsztyn (Śl) 1,13175,10.51.175.100
Szynkielów 1,13178,10.51.178.100
Cerekwica (KujPom) 1,13179,10.51.179.100
Chodzież 1,13180,10.51.180.100
Pobiedziska 2,13184,10.51.184.100
Bielawa 4,13188,10.51.188.100
Branice 1,13189,10.51.189.100
Gnieździska 1,13190,10.51.190.100
Kraczewice Prywatne 1,13193,10.51.193.100
Lechów (Święt) 1,13194,10.51.194.100
Tuczępy (Święt) 1,13195,10.51.195.100
Uniejów 1,13196,10.51.196.100
Zygry 1,13197,10.51.197.100
Rawa Mazowiecka 2,13198,10.51.198.100
Świętoszów 1,13199,10.51.199.100
Brzyskorzystew 1,13201,10.52.101.100
Kruszynek (Włocławski) 1,13202,10.52.102.100
Rybno (Działdowski) 2,13205,10.52.105.100
Stojadła 1,13206,10.52.106.100
Strzegowo (Maz) 1,13207,10.52.107.100
Bydgoszcz 4,13210,10.52.110.100
Chechło (Mał) 1,13211,10.52.111.100
Lubomyśl 1,13214,10.52.114.100
Regnów 1,13217,10.52.117.100
Charzyno 1,13221,10.52.121.100
Ciechocinek 1,13222,10.52.122.100
Niekanin 1,13225,10.52.125.100
Karchów 1,13232,10.52.132.100
Lubin 5,13235,10.52.135.100
Pawłowice (Lipski) 1,13239,10.52.139.100
Piotrków Drugi 1,13240,10.52.140.100
Smęgorzów 1,13241,10.52.141.100
Węgry (Opo) 1,13243,10.52.143.100
Żabno (Mał) 1,13247,10.52.147.100
Bierzwienna Długa 1,13248,10.52.148.100
Chąśno 1,13250,10.52.150.100
Chociwel (ZachPom) 2,13251,10.52.151.100
Czarna Dąbrówka 1,13252,10.52.152.100
Gostkowo (KujPom) 1,13254,10.52.154.100
Narty (Włocławski) 1,13255,10.52.155.100
Olszewnica Nowa 1,13258,10.52.158.100
Tleń 1,13260,10.52.160.100
Sięciaszka Pierwsza 1,13261,10.52.161.100
Niedźwiedź (Dol) 1,13262,10.52.162.100
Wojsławice (Łódź) 1,13265,10.52.165.100
Grodzisk Wlkp. 4,13266,10.52.166.100
Huta (Czarn-Trzci) 1,13271,10.52.171.100
Płoskinia 1,13278,10.52.178.100
Rybno (Sochaczewski) 1,13279,10.52.179.100
Kolnica (Wlkp) 1,13282,10.52.182.100
Bolimów 1,13284,10.52.184.100
Opole 5,13288,10.52.188.100
Rawa Mazowiecka 1,13289,10.52.189.100
Ruda Strawczyńska 1,13290,10.52.190.100
Golczewo (Kamieński) 1,13293,10.52.193.100
Karwowo (Radziłów) 1,13294,10.52.194.100
Kłodawa (Wlkp) 2,13295,10.52.195.100
Kozłowo (warmmaz) 1,13296,10.52.196.100
Kulesze Kościelne 1,13298,10.52.198.100
Stawiski 1,13302,10.53.102.100
Aleksandrów Kujawski 2,13305,10.53.105.100
Dobrzany 1,13309,10.53.109.100
Gąbin (Maz) 1,13310,10.53.110.100
Górzna 1,13311,10.53.111.100
Jeziora Wielkie 1,13312,10.53.112.100
Oporów 1,13313,10.53.113.100
Stare Gronowo 1,13316,10.53.116.100
Śmieszkowo (Wlkp) 1,13318,10.53.118.100
Bobrowo (KujPom) 1,13319,10.53.119.100
Broniszewice 1,13320,10.53.120.100
Brunów (Lwówecki) 1,13321,10.53.121.100
Lisków 1,13326,10.53.126.100
Olbrachtów 1,13329,10.53.129.100
Pniówek (Śl) 1,13330,10.53.130.100
Świętochłowice 1,13333,10.53.133.100
Hordzież 1,13337,10.53.137.100
Rusko (ZachPom) 1,13349,10.53.149.100
Czaplinek 2,13353,10.53.153.100
Kleczew 1,13354,10.53.154.100
Przasnysz 2,13358,10.53.158.100
Bolszewo 1,13364,10.53.164.100
Inowrocław 3,13368,10.53.168.100
Pyrzyce 2,13376,10.53.176.100
Stare Bosewo 1,13377,10.53.177.100
Babimost 2,13381,10.53.181.100
Chocianów 3,13382,10.53.182.100
Krupski Młyn 1,13389,10.53.189.100
Pajęczno 1,13391,10.53.191.100
Przyborów (Nowosolski) 1,13394,10.53.194.100
Urządków 1,13395,10.53.195.100
Wola Krasienińska 1,13396,10.53.196.100
Złota (Pińczowski) 1,13400,10.54.100.100
Gręboszów (Mał) 1,13402,10.54.102.100
Nowa Wieś Książęca (Bralin) 1,13405,10.54.105.100
Pabianice 4,13406,10.54.106.100
Tarnobrzeg 1,13411,10.54.111.100
Tarnowskie Góry 4,13412,10.54.112.100
Zakrzów (Łaziska) 1,13414,10.54.114.100
Piaski (Sierpecki) 1,13419,10.54.119.100
Strzelce Krajeńskie 1,13422,10.54.122.100
Wyszki (Podl) 1,13423,10.54.123.100
Lębork 1,13426,10.54.126.100
Karpacz 1,13428,10.54.128.100
Ligota Wielka (Oleśnicki) 1,13431,10.54.131.100
Łubie 1,13432,10.54.132.100
Płóczki Dolne 1,13434,10.54.134.100
Praszka 2,13435,10.54.135.100
Płońsk 2,13441,10.54.141.100
Rybno (Pom) 1,13442,10.54.142.100
Bobrowniki Wielkie 1,13444,10.54.144.100
Tarnobrzeg 2,13445,10.54.145.100
Gostyń 4,13446,10.54.146.100
Skoraszewice 1,13448,10.54.148.100
Łąkorz 1,13453,10.54.153.100
Okonek 1,13454,10.54.154.100
Piorunów (Wlkp) 1,13458,10.54.158.100
Rojewo (Inowrocławski) 1,13459,10.54.159.100
Sabnie 1,13460,10.54.160.100
Konarzyce (Podl) 1,13462,10.54.162.100
Tykocin 1,13463,10.54.163.100
Góra 3,13465,10.54.165.100
Idzikowice (Opo) 1,13466,10.54.166.100
Kluczewsko 1,13467,10.54.167.100
Głuchów (Turecki) 1,13475,10.54.175.100
Kazuń Polski 1,13477,10.54.177.100
Korzeniewo 1,13478,10.54.178.100
Kutno 5,13479,10.54.179.100
Trzebieszów 1,13484,10.54.184.100
Garnek (Śl) 1,13486,10.54.186.100
Mikorzyn (Kępiński) 1,13489,10.54.189.100
Rybnik (Śl) 1,13491,10.54.191.100
Rozwady (Maz) 1,13493,10.54.193.100
Sierakowo (Kościański) 1,13494,10.54.194.100
Stryjno Kolonia 1,13496,10.54.196.100
Tuszynek Majoracki 1,13497,10.54.197.100
Kruszyn (Dol) 1,13498,10.54.198.100
Cienin Zaborny 1,13500,10.55.100.100
Cychry (ZachPom) 1,13501,10.55.101.100
Pasłęk 2,13507,10.55.107.100
Glinno (Nowotomyski) 1,13510,10.55.110.100
Grudziądz 3,13511,10.55.111.100
Napiwoda 1,13512,10.55.112.100
Nowogród (Podl) 1,13513,10.55.113.100
Przytuły (Podl) 1,13514,10.55.114.100
Radomice (KujPom) 1,13515,10.55.115.100
Rudka (Bielski) 1,13516,10.55.116.100
Suchorze 1,13518,10.55.118.100
Andrychów 2,13520,10.55.120.100
Bełdów 1,13521,10.55.121.100
Młodzawy Duże 1,13523,10.55.123.100
Lubsko 3,13532,10.55.132.100
Mucharz 1,13533,10.55.133.100
Rakowice Wielkie 1,13536,10.55.136.100
Żary 4,13538,10.55.138.100
Płoty (Lubus) 1,13541,10.55.141.100
Dobrzejewice 1,13543,10.55.143.100
Rakowiec (Kwidzyński) 1,13545,10.55.145.100
Witnica (Lubus) 1,13546,10.55.146.100
Dębno (ZachPom) 1,13553,10.55.153.100
Ruda (Obornicki) 1,13554,10.55.154.100
Lipno (KujPom) 3,13555,10.55.155.100
Warpuny 1,13560,10.55.160.100
Witosław (Kujpom) 1,13561,10.55.161.100
Cekanowo (Słupno) 1,13562,10.55.162.100
Bolesław (dąbrowski) 1,13563,10.55.163.100
Bożnów 1,13564,10.55.164.100
Domiechowice 1,13566,10.55.166.100
Pstrokonie 1,13570,10.55.170.100
Skarżysko-Kamienna 4,13572,10.55.172.100
Sadów 1,13573,10.55.173.100
Zdzieszowice 1,13575,10.55.175.100
Koprzywnica (Święt) 1,13577,10.55.177.100
Wijewo 1,13582,10.55.182.100
Moszyce 1,13584,10.55.184.100
Włocławek 2,13592,10.55.192.100
Sierpc 1,13593,10.55.193.100
Wyszyny 1,13608,10.56.108.100
Dąbrowa Rzeczycka 1,13609,10.56.109.100
Krosno Odrzańskie 2,13610,10.56.110.100
Skopanie 1,13613,10.56.113.100
Kostrzyn nad Odrą 2,13619,10.56.119.100
Międzylesie (Turecki) 1,13621,10.56.121.100
Radziejowice 1,13623,10.56.123.100
Russocice 1,13625,10.56.125.100
Siedliszcze 1,13631,10.56.131.100
Większyce 1,13632,10.56.132.100
Kłoda (Leszczyński) 1,13634,10.56.134.100
Wilamów (Poddębicki) 1,13635,10.56.135.100
Dębno (ZachPom) 2,13637,10.56.137.100
Koło 1,13639,10.56.139.100
Strachówka 1,13640,10.56.140.100
Mąkolice (Zgierski) 1,13642,10.56.142.100
Białynin 1,13644,10.56.144.100
Kaliszkowice Kaliskie 1,13646,10.56.146.100
Jarocin 2,13647,10.56.147.100
Korzecko 1,13648,10.56.148.100
Łęczno (Łódź) 1,13649,10.56.149.100
Mokrzyska 2,13650,10.56.150.100
Pełczyn (Dol) 1,13651,10.56.151.100
Starosiedle 1,13653,10.56.153.100
Bończa (Wlkp) 1,13656,10.56.156.100
Mieścisko 2,13660,10.56.160.100
Parchanie 1,13661,10.56.161.100
Sorkwity 1,13664,10.56.164.100
Ciekoty 1,13669,10.56.169.100
Kunowice 1,13676,10.56.176.100
Leszno 10,13685,10.56.185.100
Nowy Dwór (Oleśnicki) 1,13688,10.56.188.100
Jarocin 7,13689,10.56.189.100
Nowa Sól 4,13691,10.56.191.100
Brochów 1,13693,10.56.193.100
Międzyzdroje 1,13698,10.56.198.100
Węgrów (Maz) 1,13699,10.56.199.100
Mały Płock,13701,10.57.101.100
Łobez 3,13703,10.57.103.100
Pławna (Dol) 1,13705,10.57.105.100
Andrzejewo (Maz) 1,13707,10.57.107.100
Barczewo 1,13708,10.57.108.100
Szczecinek 3,13713,10.57.113.100
Rydułtowy 1,13723,10.57.123.100
Tychowo (białogardzki) 1,13727,10.57.127.100
Kuniów 1,13730,10.57.130.100
Oborniki (Wlkp) 3,13735,10.57.135.100
Płock 3,13736,10.57.136.100
Węgierska Górka 1,13743,10.57.143.100
Chwalęcice (Lubus) 1,13747,10.57.147.100
Paproć 1,13751,10.57.151.100
Szczytno (Warmmaz) 2,13754,10.57.154.100
Klementowice 1,13757,10.57.157.100
Cisew 1,13761,10.57.161.100
Szubin 2,13763,10.57.163.100
Tomaszów Mazowiecki 5,13772,10.57.172.100
Baranowo (Mrągowski) 1,13775,10.57.175.100
Lipowina 1,13778,10.57.178.100
Żdżary (Koniński) 1,13784,10.57.184.100
Jarocin 1,13789,10.57.189.100
Kobierzyn 1,13790,10.57.190.100
Rawicz 3,13793,10.57.193.100
Żychlin (Koniński) 1,13802,10.58.102.100
Braszowice 1,13803,10.58.103.100
Ruszowice 2,13807,10.58.107.100
Obrazów 1,13811,10.58.111.100
Kazimierzówka 1,13813,10.58.113.100
Dąbrowy (warmmaz) 1,13818,10.58.118.100
Grabowo (Iławski) 1,13822,10.58.122.100
Boguty Pianki 1,13826,10.58.126.100
Jodłownik (Mał) 1,13829,10.58.129.100
Blizno (Maz) 1,13834,10.58.134.100
Nowy Kiełbów 1,13836,10.58.136.100
Izbicko 1,13843,10.58.143.100
Niedoradz 1,13847,10.58.147.100
Strzałków (Łódź) 1,13850,10.58.150.100
Łyse (maz) 1,13855,10.58.155.100
Szczecinek 5,13859,10.58.159.100
Goworówek 1,13860,10.58.160.100
Płoty 2,13861,10.58.161.100
Andrychów 3,13865,10.58.165.100
Granowo 2,13868,10.58.168.100
Konstantynów Łódzki 1,13870,10.58.170.100
Ligota Turawska 1,13871,10.58.171.100
Niechlów 1,13873,10.58.173.100
Zbrosławice 1,13880,10.58.180.100
Nieświń 1,13882,10.58.182.100
Pruszków (Maz) 1,13889,10.58.189.100
Chynów (Maz) 1,13892,10.58.192.100
Wojciechów (Oleski) 1,13897,10.58.197.100
Żary 3,13898,10.58.198.100
Ratoszyn Pierwszy 1,13900,10.59.100.100
Gubin 3,13908,10.59.108.100
Jedlina Zdrój 2,13909,10.59.109.100
Pabianice 3,13911,10.59.111.100
Łukowica 1,13913,10.59.113.100
Dzierzgowo 1,13917,10.59.117.100
Mielżyn 1,13921,10.59.121.100
Płock 4,13922,10.59.122.100
Podpniewki 1,13923,10.59.123.100
Szczucin 1,13926,10.59.126.100
Skierniewice 3,13934,10.59.134.100
Czersk (Pom) 1,13938,10.59.138.100
Ligowo 1,13939,10.59.139.100
Łobez 4,13940,10.59.140.100
Kondratowice 1,13947,10.59.147.100
Troszyn (Maz) 1,13964,10.59.164.100
Łask 3,13975,10.59.175.100
Ćmielów 1,13977,10.59.177.100
Gutowo Małe 1,13981,10.59.181.100
Komorowo (Nidzicki) 1,13983,10.59.183.100
Śliwice (kujpom) 1,13988,10.59.188.100
Nienałty-Brewki 1,13989,10.59.189.100
Bąków (Kluczborski) 1,13990,10.59.190.100
Kije (Lubus) 1,13991,10.59.191.100
Bławaty 1,13994,10.59.194.100
Bytyń (Wlkp) 1,13995,10.59.195.100
Cieszyny (KujPom) 1,13996,10.59.196.100
Koziebrody 1,13997,10.59.197.100
Licheń Stary 1,13998,10.59.198.100
Templewo 1,14000,10.190.0.100
Święciechowa 1,14008,10.190.8.100
Włoszakowice 2,14009,10.190.9.100
Ciechanowiec 1,14013,10.190.13.100
Dobiesław (Sławieński) 1,14014,10.190.14.100
Wałcz 1,14017,10.190.17.100
Kolonia Żuchowice 1,14020,10.190.20.100
Opole Lubelskie 1,14025,10.190.25.100
Choszczno 3,14028,10.190.28.100
Ruda (Wołomiński) 1,14036,10.190.36.100
Suraż 1,14037,10.190.37.100
Nisko (Podk) 1,14045,10.190.45.100
Szynkielew 1,14047,10.190.47.100
Ostrowiec Świętokrzyski 4,14052,10.190.52.100
Marianowo (ZachPom) 1,14055,10.190.55.100
Opalenica (Wlkp) 1,14056,10.190.56.100
Pieniężno 1,14060,10.190.60.100
Bielewo 1,14061,10.190.61.100
Kuźnia Raciborska 1,14063,10.190.63.100
Steblów (Krapkowicki) 1,14066,10.190.66.100
Częstochowa 4,14072,10.190.72.100
Wrzelowiec 1,14074,10.190.74.100
Janowiec Kościelny 1,14075,10.190.75.100
Brzeżno 1,14086,10.190.86.100
Nidzica 1,14090,10.190.90.100
Różańsko 1,14091,10.190.91.100
Sanniki (Maz) 1,14092,10.190.92.100
Zieluń 1,14096,10.190.96.100
Robakowo (Pom) 1,14098,10.190.98.100
Kałków (Opo) 1,14099,10.190.99.100
Bielsk Podlaski 1,14105,10.191.5.100
Miały 1,14117,10.191.17.100
Trzemżal 1,14122,10.191.22.100
Zwierzyn (Lubus) 1,14123,10.191.23.100
Chalin (KujPom) 1,14124,10.191.24.100
Mędrzechów 1,14127,10.191.27.100
Polkowice 2,14130,10.191.30.100
Rosnowo (Koszaliński) 1,14142,10.191.42.100
Wąbrzeźno 2,14143,10.191.43.100
Nowa Wieś (Kościański) 1,14150,10.191.50.100
Białuń (Goleniowski) 1,14151,10.191.51.100
Galew (Turecki) 1,14153,10.191.53.100
Modrzewie (ZachPom) 1,14157,10.191.57.100
Solca Wielka 1,14162,10.191.62.100
Przejęsław 1,14168,10.191.68.100
Pietna 1,14171,10.191.71.100
Łososina Dolna 1,14172,10.191.72.100
Rudunki (KujPom) 1,14184,10.191.84.100
Czerwonka Szlachecka 1,14187,10.191.87.100
Buczyna (Dol) 1,14193,10.191.93.100
Murzynowo Leśne 1,14195,10.191.95.100
Goździk 1,14199,10.191.99.100
Kiączyn 1,14211,10.192.11.100
Siedlec (Dol) 1,14229,10.192.29.100
Łęgajny 1,14239,10.192.39.100
Ostrów 13,14250,10.192.50.100
Świeradów Zdrój 1,14253,10.192.53.100
Jastrowie 4,14257,10.192.57.100
Rudno (Śl) 1,14269,10.192.69.100
Człuchów 3,14275,10.192.75.100
Resko 2,14282,10.192.82.100
Legnica 5,14287,10.192.87.100
Zduny (Łęczycki) 1,14309,10.193.9.100
Opole Lubelskie 2,14310,10.193.10.100
Mnich 1,14312,10.193.12.100
Słupsk 1,14326,10.193.26.100
Szyldak 1,14327,10.193.27.100
Grębów (Podk) 1,14331,10.193.31.100
Chodzież 2,14340,10.193.40.100
Kaliska (Włocławski) 1,14367,10.193.67.100
Obrzębin 1,14369,10.193.69.100
Gorzyczki (Śl) 1,14383,10.193.83.100
Zwoleń 1,14391,10.193.91.100
Orneta 1,14398,10.193.98.100
Wola Mysłowska 1,14405,10.194.5.100
Parznice 1,14409,10.194.9.100
Borkowo (Gdański) 1,14410,10.194.10.100
Szczytniki Duchowne 1,14420,10.194.20.100
zenin (łódz.) [I],14427,10.194.27.100
Nidek 1,14428,10.194.28.100
Myślibórz 2,14436,10.194.36.100
Płoniawy Bramura 1,14437,10.194.37.100
Sławno (Sławieński) 4,14439,10.194.39.100
jczyn [V],14451,10.194.51.100
Nasielsk 1,14454,10.194.54.100
Olszówka (Kolski) 1,14455,10.194.55.100
Goniądz 1,14459,10.194.59.100
Budzyń (Olkuski) 1,14460,10.194.60.100
Lelis 1,14471,10.194.71.100
Lubajny 1,14472,10.194.72.100
Kobylec (Wlkp) 1,14486,10.194.86.100
Lubawa 1,14487,10.194.87.100
Szumowo (Zambrowski) 1,14492,10.194.92.100
Żabiny 1,14496,10.194.96.100
Brzeg 2,14497,10.194.97.100
Parzniewice Małe 1,14504,10.195.4.100
Łubiana 1,14516,10.195.16.100
Bądkowo Kościelne 1,14525,10.195.25.100
Gryfino 2,14527,10.195.27.100
Puczniew 1,14541,10.195.41.100
Pietrzwałd (Warmmaz) 1,14547,10.195.47.100
Międzybórz (Dol) 1,14560,10.195.60.100
Otałęż 1,14561,10.195.61.100
Gostynin 2,14566,10.195.66.100
Chojno (Rawicki) 1,14594,10.195.94.100
Zawiercie 2,14604,10.196.4.100
Boguszyce (Rawski) 1,14632,10.196.32.100
Bronowice (Lubel) 1,14646,10.196.46.100
Kaczory 2,14650,10.196.50.100
Głowno 1,14668,10.196.68.100
Wola Blakowa 1,14688,10.196.88.100
Miłakowo 1,14693,10.196.93.100
Rędziny (Częstochowski) 1,14706,10.197.6.100
Józefów nad Wisłą 1,14713,10.197.13.100
Posoka (Koniński) 1,14728,10.197.28.100
Przyłęk (Wlkp) 1,14729,10.197.29.100
Ostrów (Kraśnicki) 1,14747,10.197.47.100
Rososz (Lubel) 1,14766,10.197.66.100
Miedzna 1,14774,10.197.74.100
Olesno (Mał) 1,14794,10.197.94.100
Syców 1,14796,10.197.96.100
Strzegom (Dol) 1,14797,10.197.97.100
rwin [N],14813,10.198.13.100
Ogorzeliny 1,14834,10.198.34.100
Kamionka Wielka 1,14871,10.198.71.100
Starzykowo 1,14894,10.198.94.100
Brześć Kujawski 1,14904,10.199.4.100
Grabowo (Kolneński) 1,14906,10.199.6.100
Lubliniec 3,14931,10.199.31.100
Niemodlin 1,14934,10.199.34.100
Szczytno (Warmmaz) 1,14971,10.199.71.100
Mniów 1,14988,10.199.88.100
haczew 3 [N],15015,10.190.115.100
Przanowice 1,15049,10.190.149.100
ecie (kuj.-pom.) [V],15054,10.190.154.100
Emolinek 1,15058,10.190.158.100
Witaszyce 2,15144,10.191.144.100